"pathway","gene"
"AUNG_GASTRIC_CANCER","A4GNT"
"AUNG_GASTRIC_CANCER","ALDH7A1"
"AUNG_GASTRIC_CANCER","AQR"
"AUNG_GASTRIC_CANCER","ATE1"
"AUNG_GASTRIC_CANCER","ATP5IF1"
"AUNG_GASTRIC_CANCER","BIRC5"
"AUNG_GASTRIC_CANCER","BRD4"
"AUNG_GASTRIC_CANCER","C19orf25"
"AUNG_GASTRIC_CANCER","CBFA2T3"
"AUNG_GASTRIC_CANCER","CCT3"
"AUNG_GASTRIC_CANCER","CSAG2"
"AUNG_GASTRIC_CANCER","CYP2W1"
"AUNG_GASTRIC_CANCER","DEFA5"
"AUNG_GASTRIC_CANCER","DEFA6"
"AUNG_GASTRIC_CANCER","DKK4"
"AUNG_GASTRIC_CANCER","ETS2"
"AUNG_GASTRIC_CANCER","FXYD3"
"AUNG_GASTRIC_CANCER","GOLPH3L"
"AUNG_GASTRIC_CANCER","HORMAD1"
"AUNG_GASTRIC_CANCER","HOXA10"
"AUNG_GASTRIC_CANCER","IFRD1"
"AUNG_GASTRIC_CANCER","IL16"
"AUNG_GASTRIC_CANCER","JUN"
"AUNG_GASTRIC_CANCER","KIF4A"
"AUNG_GASTRIC_CANCER","KMT2D"
"AUNG_GASTRIC_CANCER","LRRC45"
"AUNG_GASTRIC_CANCER","MAPK13"
"AUNG_GASTRIC_CANCER","MED1"
"AUNG_GASTRIC_CANCER","MIA"
"AUNG_GASTRIC_CANCER","MMP10"
"AUNG_GASTRIC_CANCER","MYBL2"
"AUNG_GASTRIC_CANCER","NEK9"
"AUNG_GASTRIC_CANCER","NIPSNAP3B"
"AUNG_GASTRIC_CANCER","NOP14"
"AUNG_GASTRIC_CANCER","OLFM4"
"AUNG_GASTRIC_CANCER","PRICKLE3"
"AUNG_GASTRIC_CANCER","PRKAG1"
"AUNG_GASTRIC_CANCER","RCC2"
"AUNG_GASTRIC_CANCER","REG4"
"AUNG_GASTRIC_CANCER","RPL8"
"AUNG_GASTRIC_CANCER","SEC31B"
"AUNG_GASTRIC_CANCER","SH3BGRL2"
"AUNG_GASTRIC_CANCER","SRSF9"
"AUNG_GASTRIC_CANCER","STAT2"
"AUNG_GASTRIC_CANCER","SULT1C2"
"AUNG_GASTRIC_CANCER","TAPBP"
"AUNG_GASTRIC_CANCER","THADA"
"AUNG_GASTRIC_CANCER","THBS3"
"AUNG_GASTRIC_CANCER","TMLHE"
"AUNG_GASTRIC_CANCER","TPT1"
"AUNG_GASTRIC_CANCER","TYRO3"
"AUNG_GASTRIC_CANCER","ZWILCH"
"KIM_GASTRIC_CANCER_CHEMOSENSITIVITY","AATK"
"KIM_GASTRIC_CANCER_CHEMOSENSITIVITY","ABCB8"
"KIM_GASTRIC_CANCER_CHEMOSENSITIVITY","ABO"
"KIM_GASTRIC_CANCER_CHEMOSENSITIVITY","ACVR1B"
"KIM_GASTRIC_CANCER_CHEMOSENSITIVITY","ADAMTS8"
"KIM_GASTRIC_CANCER_CHEMOSENSITIVITY","ADCY3"
"KIM_GASTRIC_CANCER_CHEMOSENSITIVITY","ALG3"
"KIM_GASTRIC_CANCER_CHEMOSENSITIVITY","ANGEL1"
"KIM_GASTRIC_CANCER_CHEMOSENSITIVITY","ARMC6"
"KIM_GASTRIC_CANCER_CHEMOSENSITIVITY","B3GAT3"
"KIM_GASTRIC_CANCER_CHEMOSENSITIVITY","BAIAP2"
"KIM_GASTRIC_CANCER_CHEMOSENSITIVITY","BARX1"
"KIM_GASTRIC_CANCER_CHEMOSENSITIVITY","BCL2"
"KIM_GASTRIC_CANCER_CHEMOSENSITIVITY","BORCS6"
"KIM_GASTRIC_CANCER_CHEMOSENSITIVITY","CCL17"
"KIM_GASTRIC_CANCER_CHEMOSENSITIVITY","CFAP410"
"KIM_GASTRIC_CANCER_CHEMOSENSITIVITY","CHKA"
"KIM_GASTRIC_CANCER_CHEMOSENSITIVITY","CRTC1"
"KIM_GASTRIC_CANCER_CHEMOSENSITIVITY","CRYBB2"
"KIM_GASTRIC_CANCER_CHEMOSENSITIVITY","DCAF8"
"KIM_GASTRIC_CANCER_CHEMOSENSITIVITY","DES"
"KIM_GASTRIC_CANCER_CHEMOSENSITIVITY","DOHH"
"KIM_GASTRIC_CANCER_CHEMOSENSITIVITY","DPAGT1"
"KIM_GASTRIC_CANCER_CHEMOSENSITIVITY","DTX2P1-UPK3BP1-PMS2P11"
"KIM_GASTRIC_CANCER_CHEMOSENSITIVITY","ECT2"
"KIM_GASTRIC_CANCER_CHEMOSENSITIVITY","EHMT2"
"KIM_GASTRIC_CANCER_CHEMOSENSITIVITY","EIF2B4"
"KIM_GASTRIC_CANCER_CHEMOSENSITIVITY","ELK4"
"KIM_GASTRIC_CANCER_CHEMOSENSITIVITY","EPHB1"
"KIM_GASTRIC_CANCER_CHEMOSENSITIVITY","EPO"
"KIM_GASTRIC_CANCER_CHEMOSENSITIVITY","FABP7"
"KIM_GASTRIC_CANCER_CHEMOSENSITIVITY","FKBP8"
"KIM_GASTRIC_CANCER_CHEMOSENSITIVITY","FOXD4"
"KIM_GASTRIC_CANCER_CHEMOSENSITIVITY","GLYR1"
"KIM_GASTRIC_CANCER_CHEMOSENSITIVITY","GOLGA8A"
"KIM_GASTRIC_CANCER_CHEMOSENSITIVITY","HEATR6"
"KIM_GASTRIC_CANCER_CHEMOSENSITIVITY","HHLA1"
"KIM_GASTRIC_CANCER_CHEMOSENSITIVITY","IFRD2"
"KIM_GASTRIC_CANCER_CHEMOSENSITIVITY","IL12RB1"
"KIM_GASTRIC_CANCER_CHEMOSENSITIVITY","IL1R1"
"KIM_GASTRIC_CANCER_CHEMOSENSITIVITY","ITGB1BP2"
"KIM_GASTRIC_CANCER_CHEMOSENSITIVITY","KDM4B"
"KIM_GASTRIC_CANCER_CHEMOSENSITIVITY","LDB1"
"KIM_GASTRIC_CANCER_CHEMOSENSITIVITY","MAPKAPK3"
"KIM_GASTRIC_CANCER_CHEMOSENSITIVITY","MEF2D"
"KIM_GASTRIC_CANCER_CHEMOSENSITIVITY","MOCS3"
"KIM_GASTRIC_CANCER_CHEMOSENSITIVITY","MPZL1"
"KIM_GASTRIC_CANCER_CHEMOSENSITIVITY","MR1"
"KIM_GASTRIC_CANCER_CHEMOSENSITIVITY","MTARC1"
"KIM_GASTRIC_CANCER_CHEMOSENSITIVITY","MYL10"
"KIM_GASTRIC_CANCER_CHEMOSENSITIVITY","MYO7A"
"KIM_GASTRIC_CANCER_CHEMOSENSITIVITY","N4BP2L1"
"KIM_GASTRIC_CANCER_CHEMOSENSITIVITY","NCAM1"
"KIM_GASTRIC_CANCER_CHEMOSENSITIVITY","NCR3"
"KIM_GASTRIC_CANCER_CHEMOSENSITIVITY","NEK9"
"KIM_GASTRIC_CANCER_CHEMOSENSITIVITY","NENF"
"KIM_GASTRIC_CANCER_CHEMOSENSITIVITY","NIPAL2"
"KIM_GASTRIC_CANCER_CHEMOSENSITIVITY","NME4"
"KIM_GASTRIC_CANCER_CHEMOSENSITIVITY","NPAP1"
"KIM_GASTRIC_CANCER_CHEMOSENSITIVITY","OBP2A"
"KIM_GASTRIC_CANCER_CHEMOSENSITIVITY","OMP"
"KIM_GASTRIC_CANCER_CHEMOSENSITIVITY","PHGDH"
"KIM_GASTRIC_CANCER_CHEMOSENSITIVITY","PLXNB1"
"KIM_GASTRIC_CANCER_CHEMOSENSITIVITY","POLG"
"KIM_GASTRIC_CANCER_CHEMOSENSITIVITY","POLR1E"
"KIM_GASTRIC_CANCER_CHEMOSENSITIVITY","POLR2A"
"KIM_GASTRIC_CANCER_CHEMOSENSITIVITY","PPFIA1"
"KIM_GASTRIC_CANCER_CHEMOSENSITIVITY","PPFIA3"
"KIM_GASTRIC_CANCER_CHEMOSENSITIVITY","PPP1R12B"
"KIM_GASTRIC_CANCER_CHEMOSENSITIVITY","PPP2R1A"
"KIM_GASTRIC_CANCER_CHEMOSENSITIVITY","PSRC1"
"KIM_GASTRIC_CANCER_CHEMOSENSITIVITY","RAB27B"
"KIM_GASTRIC_CANCER_CHEMOSENSITIVITY","RAB2A"
"KIM_GASTRIC_CANCER_CHEMOSENSITIVITY","RGR"
"KIM_GASTRIC_CANCER_CHEMOSENSITIVITY","RPL13A"
"KIM_GASTRIC_CANCER_CHEMOSENSITIVITY","SCNN1A"
"KIM_GASTRIC_CANCER_CHEMOSENSITIVITY","SGTA"
"KIM_GASTRIC_CANCER_CHEMOSENSITIVITY","SLC11A2"
"KIM_GASTRIC_CANCER_CHEMOSENSITIVITY","SLC13A2"
"KIM_GASTRIC_CANCER_CHEMOSENSITIVITY","SLC26A6"
"KIM_GASTRIC_CANCER_CHEMOSENSITIVITY","SLCO2B1"
"KIM_GASTRIC_CANCER_CHEMOSENSITIVITY","SLURP1"
"KIM_GASTRIC_CANCER_CHEMOSENSITIVITY","SMG1P2"
"KIM_GASTRIC_CANCER_CHEMOSENSITIVITY","TADA2A"
"KIM_GASTRIC_CANCER_CHEMOSENSITIVITY","TARS2"
"KIM_GASTRIC_CANCER_CHEMOSENSITIVITY","TMEM151B"
"KIM_GASTRIC_CANCER_CHEMOSENSITIVITY","TMEM8B"
"KIM_GASTRIC_CANCER_CHEMOSENSITIVITY","TNMD"
"KIM_GASTRIC_CANCER_CHEMOSENSITIVITY","TNNI2"
"KIM_GASTRIC_CANCER_CHEMOSENSITIVITY","TSHZ2"
"KIM_GASTRIC_CANCER_CHEMOSENSITIVITY","TSR1"
"KIM_GASTRIC_CANCER_CHEMOSENSITIVITY","UNG"
"KIM_GASTRIC_CANCER_CHEMOSENSITIVITY","WDR55"
"KIM_GASTRIC_CANCER_CHEMOSENSITIVITY","ZNF219"
"TAKADA_GASTRIC_CANCER_COPY_NUMBER_DN","ADAM23"
"TAKADA_GASTRIC_CANCER_COPY_NUMBER_DN","ADAMTSL1"
"TAKADA_GASTRIC_CANCER_COPY_NUMBER_DN","CAB39L"
"TAKADA_GASTRIC_CANCER_COPY_NUMBER_DN","CDKN2A"
"TAKADA_GASTRIC_CANCER_COPY_NUMBER_DN","CYSLTR2"
"TAKADA_GASTRIC_CANCER_COPY_NUMBER_DN","DMRT1"
"TAKADA_GASTRIC_CANCER_COPY_NUMBER_DN","DMRT2"
"TAKADA_GASTRIC_CANCER_COPY_NUMBER_DN","DMRT3"
"TAKADA_GASTRIC_CANCER_COPY_NUMBER_DN","FASTKD2"
"TAKADA_GASTRIC_CANCER_COPY_NUMBER_DN","FHIT"
"TAKADA_GASTRIC_CANCER_COPY_NUMBER_DN","FNDC3A"
"TAKADA_GASTRIC_CANCER_COPY_NUMBER_DN","KANK1"
"TAKADA_GASTRIC_CANCER_COPY_NUMBER_DN","KCNV2"
"TAKADA_GASTRIC_CANCER_COPY_NUMBER_DN","MDGA2"
"TAKADA_GASTRIC_CANCER_COPY_NUMBER_DN","MDH1B"
"TAKADA_GASTRIC_CANCER_COPY_NUMBER_DN","MTAP"
"TAKADA_GASTRIC_CANCER_COPY_NUMBER_DN","PUM3"
"TAKADA_GASTRIC_CANCER_COPY_NUMBER_DN","RB1"
"TAKADA_GASTRIC_CANCER_COPY_NUMBER_DN","RBFOX1"
"TAKADA_GASTRIC_CANCER_COPY_NUMBER_DN","RCBTB2"
"TAKADA_GASTRIC_CANCER_COPY_NUMBER_DN","RGS16"
"TAKADA_GASTRIC_CANCER_COPY_NUMBER_DN","RGSL1"
"TAKADA_GASTRIC_CANCER_COPY_NUMBER_DN","RNASEL"
"TAKADA_GASTRIC_CANCER_COPY_NUMBER_DN","SAXO1"
"TAKADA_GASTRIC_CANCER_COPY_NUMBER_DN","SH3GL2"
"TAKADA_GASTRIC_CANCER_COPY_NUMBER_DN","SMARCA2"
"TAKADA_GASTRIC_CANCER_COPY_NUMBER_DN","TEK"
"TAKADA_GASTRIC_CANCER_COPY_NUMBER_DN","VLDLR"
"TAKADA_GASTRIC_CANCER_COPY_NUMBER_DN","WWOX"
"TAKADA_GASTRIC_CANCER_COPY_NUMBER_UP","FGFR2"
"TAKADA_GASTRIC_CANCER_COPY_NUMBER_UP","KRAS"
"TAKADA_GASTRIC_CANCER_COPY_NUMBER_UP","MET"
"TAKADA_GASTRIC_CANCER_COPY_NUMBER_UP","MYBL2"
"TAKADA_GASTRIC_CANCER_COPY_NUMBER_UP","MYC"
"TAKADA_GASTRIC_CANCER_COPY_NUMBER_UP","SDC1"
"TAKADA_GASTRIC_CANCER_COPY_NUMBER_UP","SSPN"
"VECCHI_GASTRIC_CANCER_ADVANCED_VS_EARLY_DN","AADAC"
"VECCHI_GASTRIC_CANCER_ADVANCED_VS_EARLY_DN","ABCG2"
"VECCHI_GASTRIC_CANCER_ADVANCED_VS_EARLY_DN","ABCG5"
"VECCHI_GASTRIC_CANCER_ADVANCED_VS_EARLY_DN","ABHD12"
"VECCHI_GASTRIC_CANCER_ADVANCED_VS_EARLY_DN","ABHD13"
"VECCHI_GASTRIC_CANCER_ADVANCED_VS_EARLY_DN","ADH1C"
"VECCHI_GASTRIC_CANCER_ADVANCED_VS_EARLY_DN","ADRA2A"
"VECCHI_GASTRIC_CANCER_ADVANCED_VS_EARLY_DN","AK1"
"VECCHI_GASTRIC_CANCER_ADVANCED_VS_EARLY_DN","AKR1C1"
"VECCHI_GASTRIC_CANCER_ADVANCED_VS_EARLY_DN","AKR1C3"
"VECCHI_GASTRIC_CANCER_ADVANCED_VS_EARLY_DN","ALDH3A1"
"VECCHI_GASTRIC_CANCER_ADVANCED_VS_EARLY_DN","ALDOB"
"VECCHI_GASTRIC_CANCER_ADVANCED_VS_EARLY_DN","ARFGEF3"
"VECCHI_GASTRIC_CANCER_ADVANCED_VS_EARLY_DN","ARX"
"VECCHI_GASTRIC_CANCER_ADVANCED_VS_EARLY_DN","ATP10B"
"VECCHI_GASTRIC_CANCER_ADVANCED_VS_EARLY_DN","BCL2L15"
"VECCHI_GASTRIC_CANCER_ADVANCED_VS_EARLY_DN","BLNK"
"VECCHI_GASTRIC_CANCER_ADVANCED_VS_EARLY_DN","BLVRB"
"VECCHI_GASTRIC_CANCER_ADVANCED_VS_EARLY_DN","BTD"
"VECCHI_GASTRIC_CANCER_ADVANCED_VS_EARLY_DN","BTNL8"
"VECCHI_GASTRIC_CANCER_ADVANCED_VS_EARLY_DN","C6orf58"
"VECCHI_GASTRIC_CANCER_ADVANCED_VS_EARLY_DN","C9orf152"
"VECCHI_GASTRIC_CANCER_ADVANCED_VS_EARLY_DN","CA13"
"VECCHI_GASTRIC_CANCER_ADVANCED_VS_EARLY_DN","CA2"
"VECCHI_GASTRIC_CANCER_ADVANCED_VS_EARLY_DN","CALML4"
"VECCHI_GASTRIC_CANCER_ADVANCED_VS_EARLY_DN","CAPN13"
"VECCHI_GASTRIC_CANCER_ADVANCED_VS_EARLY_DN","CAPN9"
"VECCHI_GASTRIC_CANCER_ADVANCED_VS_EARLY_DN","CCSER1"
"VECCHI_GASTRIC_CANCER_ADVANCED_VS_EARLY_DN","CDC42EP5"
"VECCHI_GASTRIC_CANCER_ADVANCED_VS_EARLY_DN","CENPV"
"VECCHI_GASTRIC_CANCER_ADVANCED_VS_EARLY_DN","CES2"
"VECCHI_GASTRIC_CANCER_ADVANCED_VS_EARLY_DN","CFTR"
"VECCHI_GASTRIC_CANCER_ADVANCED_VS_EARLY_DN","CHAC2"
"VECCHI_GASTRIC_CANCER_ADVANCED_VS_EARLY_DN","CHCHD10"
"VECCHI_GASTRIC_CANCER_ADVANCED_VS_EARLY_DN","CHCHD5"
"VECCHI_GASTRIC_CANCER_ADVANCED_VS_EARLY_DN","CKMT1B"
"VECCHI_GASTRIC_CANCER_ADVANCED_VS_EARLY_DN","CLDN15"
"VECCHI_GASTRIC_CANCER_ADVANCED_VS_EARLY_DN","CLDN18"
"VECCHI_GASTRIC_CANCER_ADVANCED_VS_EARLY_DN","CLDN23"
"VECCHI_GASTRIC_CANCER_ADVANCED_VS_EARLY_DN","CLRN3"
"VECCHI_GASTRIC_CANCER_ADVANCED_VS_EARLY_DN","COX8A"
"VECCHI_GASTRIC_CANCER_ADVANCED_VS_EARLY_DN","CPS1"
"VECCHI_GASTRIC_CANCER_ADVANCED_VS_EARLY_DN","CRIP1"
"VECCHI_GASTRIC_CANCER_ADVANCED_VS_EARLY_DN","CYB561D1"
"VECCHI_GASTRIC_CANCER_ADVANCED_VS_EARLY_DN","CYC1"
"VECCHI_GASTRIC_CANCER_ADVANCED_VS_EARLY_DN","CYSTM1"
"VECCHI_GASTRIC_CANCER_ADVANCED_VS_EARLY_DN","DANCR"
"VECCHI_GASTRIC_CANCER_ADVANCED_VS_EARLY_DN","DDT"
"VECCHI_GASTRIC_CANCER_ADVANCED_VS_EARLY_DN","DERL1"
"VECCHI_GASTRIC_CANCER_ADVANCED_VS_EARLY_DN","DHRS11"
"VECCHI_GASTRIC_CANCER_ADVANCED_VS_EARLY_DN","DOT1L"
"VECCHI_GASTRIC_CANCER_ADVANCED_VS_EARLY_DN","DPP3"
"VECCHI_GASTRIC_CANCER_ADVANCED_VS_EARLY_DN","DSC2"
"VECCHI_GASTRIC_CANCER_ADVANCED_VS_EARLY_DN","EIF3H"
"VECCHI_GASTRIC_CANCER_ADVANCED_VS_EARLY_DN","ELAPOR1"
"VECCHI_GASTRIC_CANCER_ADVANCED_VS_EARLY_DN","ENTPD3"
"VECCHI_GASTRIC_CANCER_ADVANCED_VS_EARLY_DN","EPN3"
"VECCHI_GASTRIC_CANCER_ADVANCED_VS_EARLY_DN","ESCO2"
"VECCHI_GASTRIC_CANCER_ADVANCED_VS_EARLY_DN","ETHE1"
"VECCHI_GASTRIC_CANCER_ADVANCED_VS_EARLY_DN","FAM3D"
"VECCHI_GASTRIC_CANCER_ADVANCED_VS_EARLY_DN","FMO5"
"VECCHI_GASTRIC_CANCER_ADVANCED_VS_EARLY_DN","FXYD3"
"VECCHI_GASTRIC_CANCER_ADVANCED_VS_EARLY_DN","GATA4"
"VECCHI_GASTRIC_CANCER_ADVANCED_VS_EARLY_DN","GCNT1"
"VECCHI_GASTRIC_CANCER_ADVANCED_VS_EARLY_DN","GCNT3"
"VECCHI_GASTRIC_CANCER_ADVANCED_VS_EARLY_DN","GMDS"
"VECCHI_GASTRIC_CANCER_ADVANCED_VS_EARLY_DN","GOLM1"
"VECCHI_GASTRIC_CANCER_ADVANCED_VS_EARLY_DN","GOT1"
"VECCHI_GASTRIC_CANCER_ADVANCED_VS_EARLY_DN","GP2"
"VECCHI_GASTRIC_CANCER_ADVANCED_VS_EARLY_DN","GPA33"
"VECCHI_GASTRIC_CANCER_ADVANCED_VS_EARLY_DN","GSDMB"
"VECCHI_GASTRIC_CANCER_ADVANCED_VS_EARLY_DN","HBA1"
"VECCHI_GASTRIC_CANCER_ADVANCED_VS_EARLY_DN","HBB"
"VECCHI_GASTRIC_CANCER_ADVANCED_VS_EARLY_DN","HEPACAM2"
"VECCHI_GASTRIC_CANCER_ADVANCED_VS_EARLY_DN","HGD"
"VECCHI_GASTRIC_CANCER_ADVANCED_VS_EARLY_DN","HMMR"
"VECCHI_GASTRIC_CANCER_ADVANCED_VS_EARLY_DN","HSD17B2"
"VECCHI_GASTRIC_CANCER_ADVANCED_VS_EARLY_DN","IFT57"
"VECCHI_GASTRIC_CANCER_ADVANCED_VS_EARLY_DN","ISG20"
"VECCHI_GASTRIC_CANCER_ADVANCED_VS_EARLY_DN","KCNE3"
"VECCHI_GASTRIC_CANCER_ADVANCED_VS_EARLY_DN","KCNK10"
"VECCHI_GASTRIC_CANCER_ADVANCED_VS_EARLY_DN","LGALS4"
"VECCHI_GASTRIC_CANCER_ADVANCED_VS_EARLY_DN","LIG3"
"VECCHI_GASTRIC_CANCER_ADVANCED_VS_EARLY_DN","LINC01133"
"VECCHI_GASTRIC_CANCER_ADVANCED_VS_EARLY_DN","LPCAT4"
"VECCHI_GASTRIC_CANCER_ADVANCED_VS_EARLY_DN","MLPH"
"VECCHI_GASTRIC_CANCER_ADVANCED_VS_EARLY_DN","MS4A8"
"VECCHI_GASTRIC_CANCER_ADVANCED_VS_EARLY_DN","MUC1"
"VECCHI_GASTRIC_CANCER_ADVANCED_VS_EARLY_DN","MYEOV"
"VECCHI_GASTRIC_CANCER_ADVANCED_VS_EARLY_DN","NAT1"
"VECCHI_GASTRIC_CANCER_ADVANCED_VS_EARLY_DN","NAT2"
"VECCHI_GASTRIC_CANCER_ADVANCED_VS_EARLY_DN","NDUFA7"
"VECCHI_GASTRIC_CANCER_ADVANCED_VS_EARLY_DN","NMU"
"VECCHI_GASTRIC_CANCER_ADVANCED_VS_EARLY_DN","NUDT6"
"VECCHI_GASTRIC_CANCER_ADVANCED_VS_EARLY_DN","ODAM"
"VECCHI_GASTRIC_CANCER_ADVANCED_VS_EARLY_DN","OTC"
"VECCHI_GASTRIC_CANCER_ADVANCED_VS_EARLY_DN","PCBD1"
"VECCHI_GASTRIC_CANCER_ADVANCED_VS_EARLY_DN","PIP5K1B"
"VECCHI_GASTRIC_CANCER_ADVANCED_VS_EARLY_DN","PLAAT2"
"VECCHI_GASTRIC_CANCER_ADVANCED_VS_EARLY_DN","POLD4"
"VECCHI_GASTRIC_CANCER_ADVANCED_VS_EARLY_DN","PRADC1"
"VECCHI_GASTRIC_CANCER_ADVANCED_VS_EARLY_DN","PRSS2"
"VECCHI_GASTRIC_CANCER_ADVANCED_VS_EARLY_DN","PRSS3"
"VECCHI_GASTRIC_CANCER_ADVANCED_VS_EARLY_DN","PTPRN2"
"VECCHI_GASTRIC_CANCER_ADVANCED_VS_EARLY_DN","RACGAP1P1"
"VECCHI_GASTRIC_CANCER_ADVANCED_VS_EARLY_DN","RBM19"
"VECCHI_GASTRIC_CANCER_ADVANCED_VS_EARLY_DN","REEP6"
"VECCHI_GASTRIC_CANCER_ADVANCED_VS_EARLY_DN","REG1A"
"VECCHI_GASTRIC_CANCER_ADVANCED_VS_EARLY_DN","REG3A"
"VECCHI_GASTRIC_CANCER_ADVANCED_VS_EARLY_DN","REG4"
"VECCHI_GASTRIC_CANCER_ADVANCED_VS_EARLY_DN","RER1"
"VECCHI_GASTRIC_CANCER_ADVANCED_VS_EARLY_DN","RHPN2"
"VECCHI_GASTRIC_CANCER_ADVANCED_VS_EARLY_DN","RPS27L"
"VECCHI_GASTRIC_CANCER_ADVANCED_VS_EARLY_DN","RPSAP44"
"VECCHI_GASTRIC_CANCER_ADVANCED_VS_EARLY_DN","S100P"
"VECCHI_GASTRIC_CANCER_ADVANCED_VS_EARLY_DN","SDHAP3"
"VECCHI_GASTRIC_CANCER_ADVANCED_VS_EARLY_DN","SENP8"
"VECCHI_GASTRIC_CANCER_ADVANCED_VS_EARLY_DN","SERPINB1"
"VECCHI_GASTRIC_CANCER_ADVANCED_VS_EARLY_DN","SLC4A4"
"VECCHI_GASTRIC_CANCER_ADVANCED_VS_EARLY_DN","SLPI"
"VECCHI_GASTRIC_CANCER_ADVANCED_VS_EARLY_DN","SMDT1"
"VECCHI_GASTRIC_CANCER_ADVANCED_VS_EARLY_DN","SMIM31"
"VECCHI_GASTRIC_CANCER_ADVANCED_VS_EARLY_DN","SNRNP25"
"VECCHI_GASTRIC_CANCER_ADVANCED_VS_EARLY_DN","SSNA1"
"VECCHI_GASTRIC_CANCER_ADVANCED_VS_EARLY_DN","SST"
"VECCHI_GASTRIC_CANCER_ADVANCED_VS_EARLY_DN","SSTR1"
"VECCHI_GASTRIC_CANCER_ADVANCED_VS_EARLY_DN","STARD10"
"VECCHI_GASTRIC_CANCER_ADVANCED_VS_EARLY_DN","STEAP3"
"VECCHI_GASTRIC_CANCER_ADVANCED_VS_EARLY_DN","SULT1A2"
"VECCHI_GASTRIC_CANCER_ADVANCED_VS_EARLY_DN","SULT1C2"
"VECCHI_GASTRIC_CANCER_ADVANCED_VS_EARLY_DN","SYBU"
"VECCHI_GASTRIC_CANCER_ADVANCED_VS_EARLY_DN","TFF2"
"VECCHI_GASTRIC_CANCER_ADVANCED_VS_EARLY_DN","TFF3"
"VECCHI_GASTRIC_CANCER_ADVANCED_VS_EARLY_DN","TM4SF20"
"VECCHI_GASTRIC_CANCER_ADVANCED_VS_EARLY_DN","TMC5"
"VECCHI_GASTRIC_CANCER_ADVANCED_VS_EARLY_DN","TMEM238L"
"VECCHI_GASTRIC_CANCER_ADVANCED_VS_EARLY_DN","TMEM45B"
"VECCHI_GASTRIC_CANCER_ADVANCED_VS_EARLY_DN","TMPRSS2"
"VECCHI_GASTRIC_CANCER_ADVANCED_VS_EARLY_DN","TPD52"
"VECCHI_GASTRIC_CANCER_ADVANCED_VS_EARLY_DN","TSIX"
"VECCHI_GASTRIC_CANCER_ADVANCED_VS_EARLY_DN","VILL"
"VECCHI_GASTRIC_CANCER_ADVANCED_VS_EARLY_DN","VPS28"
"VECCHI_GASTRIC_CANCER_ADVANCED_VS_EARLY_DN","VSIG2"
"VECCHI_GASTRIC_CANCER_ADVANCED_VS_EARLY_DN","WNK4"
"VECCHI_GASTRIC_CANCER_ADVANCED_VS_EARLY_DN","XRCC4"
"VECCHI_GASTRIC_CANCER_ADVANCED_VS_EARLY_DN","ZBTB7B"
"VECCHI_GASTRIC_CANCER_ADVANCED_VS_EARLY_UP","ACTL8"
"VECCHI_GASTRIC_CANCER_ADVANCED_VS_EARLY_UP","ADAM12"
"VECCHI_GASTRIC_CANCER_ADVANCED_VS_EARLY_UP","ADAMTS12"
"VECCHI_GASTRIC_CANCER_ADVANCED_VS_EARLY_UP","ADAMTS2"
"VECCHI_GASTRIC_CANCER_ADVANCED_VS_EARLY_UP","AKT3"
"VECCHI_GASTRIC_CANCER_ADVANCED_VS_EARLY_UP","ALDH1L2"
"VECCHI_GASTRIC_CANCER_ADVANCED_VS_EARLY_UP","ALOX5"
"VECCHI_GASTRIC_CANCER_ADVANCED_VS_EARLY_UP","AMIGO2"
"VECCHI_GASTRIC_CANCER_ADVANCED_VS_EARLY_UP","ANGPT2"
"VECCHI_GASTRIC_CANCER_ADVANCED_VS_EARLY_UP","ANOS1"
"VECCHI_GASTRIC_CANCER_ADVANCED_VS_EARLY_UP","ANTXR1"
"VECCHI_GASTRIC_CANCER_ADVANCED_VS_EARLY_UP","APOC1"
"VECCHI_GASTRIC_CANCER_ADVANCED_VS_EARLY_UP","ARL4C"
"VECCHI_GASTRIC_CANCER_ADVANCED_VS_EARLY_UP","ARMCX1"
"VECCHI_GASTRIC_CANCER_ADVANCED_VS_EARLY_UP","AUTS2"
"VECCHI_GASTRIC_CANCER_ADVANCED_VS_EARLY_UP","AXL"
"VECCHI_GASTRIC_CANCER_ADVANCED_VS_EARLY_UP","BCAT1"
"VECCHI_GASTRIC_CANCER_ADVANCED_VS_EARLY_UP","BCL6"
"VECCHI_GASTRIC_CANCER_ADVANCED_VS_EARLY_UP","BGN"
"VECCHI_GASTRIC_CANCER_ADVANCED_VS_EARLY_UP","BICD1"
"VECCHI_GASTRIC_CANCER_ADVANCED_VS_EARLY_UP","BMPR1B"
"VECCHI_GASTRIC_CANCER_ADVANCED_VS_EARLY_UP","C3AR1"
"VECCHI_GASTRIC_CANCER_ADVANCED_VS_EARLY_UP","CALD1"
"VECCHI_GASTRIC_CANCER_ADVANCED_VS_EARLY_UP","CARMN"
"VECCHI_GASTRIC_CANCER_ADVANCED_VS_EARLY_UP","CAV2"
"VECCHI_GASTRIC_CANCER_ADVANCED_VS_EARLY_UP","CCDC88A"
"VECCHI_GASTRIC_CANCER_ADVANCED_VS_EARLY_UP","CCN4"
"VECCHI_GASTRIC_CANCER_ADVANCED_VS_EARLY_UP","CD163"
"VECCHI_GASTRIC_CANCER_ADVANCED_VS_EARLY_UP","CDH11"
"VECCHI_GASTRIC_CANCER_ADVANCED_VS_EARLY_UP","CDH6"
"VECCHI_GASTRIC_CANCER_ADVANCED_VS_EARLY_UP","CDK14"
"VECCHI_GASTRIC_CANCER_ADVANCED_VS_EARLY_UP","CEMIP"
"VECCHI_GASTRIC_CANCER_ADVANCED_VS_EARLY_UP","CEP170"
"VECCHI_GASTRIC_CANCER_ADVANCED_VS_EARLY_UP","CHST11"
"VECCHI_GASTRIC_CANCER_ADVANCED_VS_EARLY_UP","CMTM3"
"VECCHI_GASTRIC_CANCER_ADVANCED_VS_EARLY_UP","COL10A1"
"VECCHI_GASTRIC_CANCER_ADVANCED_VS_EARLY_UP","COL11A1"
"VECCHI_GASTRIC_CANCER_ADVANCED_VS_EARLY_UP","COL12A1"
"VECCHI_GASTRIC_CANCER_ADVANCED_VS_EARLY_UP","COL15A1"
"VECCHI_GASTRIC_CANCER_ADVANCED_VS_EARLY_UP","COL1A2"
"VECCHI_GASTRIC_CANCER_ADVANCED_VS_EARLY_UP","COL4A1"
"VECCHI_GASTRIC_CANCER_ADVANCED_VS_EARLY_UP","COL5A2"
"VECCHI_GASTRIC_CANCER_ADVANCED_VS_EARLY_UP","COL8A1"
"VECCHI_GASTRIC_CANCER_ADVANCED_VS_EARLY_UP","CPE"
"VECCHI_GASTRIC_CANCER_ADVANCED_VS_EARLY_UP","CPNE8"
"VECCHI_GASTRIC_CANCER_ADVANCED_VS_EARLY_UP","CRISPLD1"
"VECCHI_GASTRIC_CANCER_ADVANCED_VS_EARLY_UP","CST4"
"VECCHI_GASTRIC_CANCER_ADVANCED_VS_EARLY_UP","CTHRC1"
"VECCHI_GASTRIC_CANCER_ADVANCED_VS_EARLY_UP","CYP1B1"
"VECCHI_GASTRIC_CANCER_ADVANCED_VS_EARLY_UP","CYP7B1"
"VECCHI_GASTRIC_CANCER_ADVANCED_VS_EARLY_UP","DAB2"
"VECCHI_GASTRIC_CANCER_ADVANCED_VS_EARLY_UP","DDR2"
"VECCHI_GASTRIC_CANCER_ADVANCED_VS_EARLY_UP","DSE"
"VECCHI_GASTRIC_CANCER_ADVANCED_VS_EARLY_UP","EDNRA"
"VECCHI_GASTRIC_CANCER_ADVANCED_VS_EARLY_UP","EFEMP1"
"VECCHI_GASTRIC_CANCER_ADVANCED_VS_EARLY_UP","EGFL6"
"VECCHI_GASTRIC_CANCER_ADVANCED_VS_EARLY_UP","EPHA4"
"VECCHI_GASTRIC_CANCER_ADVANCED_VS_EARLY_UP","ESM1"
"VECCHI_GASTRIC_CANCER_ADVANCED_VS_EARLY_UP","FAP"
"VECCHI_GASTRIC_CANCER_ADVANCED_VS_EARLY_UP","FBN1"
"VECCHI_GASTRIC_CANCER_ADVANCED_VS_EARLY_UP","FBXO32"
"VECCHI_GASTRIC_CANCER_ADVANCED_VS_EARLY_UP","FKBP14"
"VECCHI_GASTRIC_CANCER_ADVANCED_VS_EARLY_UP","FMO2"
"VECCHI_GASTRIC_CANCER_ADVANCED_VS_EARLY_UP","FN1"
"VECCHI_GASTRIC_CANCER_ADVANCED_VS_EARLY_UP","FNDC1"
"VECCHI_GASTRIC_CANCER_ADVANCED_VS_EARLY_UP","FRMD6"
"VECCHI_GASTRIC_CANCER_ADVANCED_VS_EARLY_UP","FSTL1"
"VECCHI_GASTRIC_CANCER_ADVANCED_VS_EARLY_UP","GAS1"
"VECCHI_GASTRIC_CANCER_ADVANCED_VS_EARLY_UP","GDAP1"
"VECCHI_GASTRIC_CANCER_ADVANCED_VS_EARLY_UP","GFPT2"
"VECCHI_GASTRIC_CANCER_ADVANCED_VS_EARLY_UP","GIGYF2"
"VECCHI_GASTRIC_CANCER_ADVANCED_VS_EARLY_UP","GLIS2"
"VECCHI_GASTRIC_CANCER_ADVANCED_VS_EARLY_UP","GNB4"
"VECCHI_GASTRIC_CANCER_ADVANCED_VS_EARLY_UP","GPC6"
"VECCHI_GASTRIC_CANCER_ADVANCED_VS_EARLY_UP","GPNMB"
"VECCHI_GASTRIC_CANCER_ADVANCED_VS_EARLY_UP","GSDME"
"VECCHI_GASTRIC_CANCER_ADVANCED_VS_EARLY_UP","GUCY1A1"
"VECCHI_GASTRIC_CANCER_ADVANCED_VS_EARLY_UP","GXYLT2"
"VECCHI_GASTRIC_CANCER_ADVANCED_VS_EARLY_UP","HAVCR2"
"VECCHI_GASTRIC_CANCER_ADVANCED_VS_EARLY_UP","HDGFL3"
"VECCHI_GASTRIC_CANCER_ADVANCED_VS_EARLY_UP","HES2"
"VECCHI_GASTRIC_CANCER_ADVANCED_VS_EARLY_UP","HEY1"
"VECCHI_GASTRIC_CANCER_ADVANCED_VS_EARLY_UP","HLA-DQB1"
"VECCHI_GASTRIC_CANCER_ADVANCED_VS_EARLY_UP","IBSP"
"VECCHI_GASTRIC_CANCER_ADVANCED_VS_EARLY_UP","IER5L"
"VECCHI_GASTRIC_CANCER_ADVANCED_VS_EARLY_UP","IGF2BP3"
"VECCHI_GASTRIC_CANCER_ADVANCED_VS_EARLY_UP","IGFBP3"
"VECCHI_GASTRIC_CANCER_ADVANCED_VS_EARLY_UP","IL1RAP"
"VECCHI_GASTRIC_CANCER_ADVANCED_VS_EARLY_UP","IL24"
"VECCHI_GASTRIC_CANCER_ADVANCED_VS_EARLY_UP","IL6"
"VECCHI_GASTRIC_CANCER_ADVANCED_VS_EARLY_UP","INHBA"
"VECCHI_GASTRIC_CANCER_ADVANCED_VS_EARLY_UP","ISM1"
"VECCHI_GASTRIC_CANCER_ADVANCED_VS_EARLY_UP","ITGBL1"
"VECCHI_GASTRIC_CANCER_ADVANCED_VS_EARLY_UP","JMY"
"VECCHI_GASTRIC_CANCER_ADVANCED_VS_EARLY_UP","LAMA2"
"VECCHI_GASTRIC_CANCER_ADVANCED_VS_EARLY_UP","LINC01614"
"VECCHI_GASTRIC_CANCER_ADVANCED_VS_EARLY_UP","LOX"
"VECCHI_GASTRIC_CANCER_ADVANCED_VS_EARLY_UP","LPL"
"VECCHI_GASTRIC_CANCER_ADVANCED_VS_EARLY_UP","LTBP2"
"VECCHI_GASTRIC_CANCER_ADVANCED_VS_EARLY_UP","MAFB"
"VECCHI_GASTRIC_CANCER_ADVANCED_VS_EARLY_UP","MAGEH1"
"VECCHI_GASTRIC_CANCER_ADVANCED_VS_EARLY_UP","MAP3K4-AS1"
"VECCHI_GASTRIC_CANCER_ADVANCED_VS_EARLY_UP","MGP"
"VECCHI_GASTRIC_CANCER_ADVANCED_VS_EARLY_UP","MIR1245A"
"VECCHI_GASTRIC_CANCER_ADVANCED_VS_EARLY_UP","MMP11"
"VECCHI_GASTRIC_CANCER_ADVANCED_VS_EARLY_UP","MOXD1"
"VECCHI_GASTRIC_CANCER_ADVANCED_VS_EARLY_UP","MSR1"
"VECCHI_GASTRIC_CANCER_ADVANCED_VS_EARLY_UP","MTCL1"
"VECCHI_GASTRIC_CANCER_ADVANCED_VS_EARLY_UP","MYH10"
"VECCHI_GASTRIC_CANCER_ADVANCED_VS_EARLY_UP","NID2"
"VECCHI_GASTRIC_CANCER_ADVANCED_VS_EARLY_UP","NIPBL"
"VECCHI_GASTRIC_CANCER_ADVANCED_VS_EARLY_UP","NOX4"
"VECCHI_GASTRIC_CANCER_ADVANCED_VS_EARLY_UP","NREP"
"VECCHI_GASTRIC_CANCER_ADVANCED_VS_EARLY_UP","NTM"
"VECCHI_GASTRIC_CANCER_ADVANCED_VS_EARLY_UP","NUAK1"
"VECCHI_GASTRIC_CANCER_ADVANCED_VS_EARLY_UP","NXN"
"VECCHI_GASTRIC_CANCER_ADVANCED_VS_EARLY_UP","PALM2AKAP2"
"VECCHI_GASTRIC_CANCER_ADVANCED_VS_EARLY_UP","PCED1B"
"VECCHI_GASTRIC_CANCER_ADVANCED_VS_EARLY_UP","PDE3A"
"VECCHI_GASTRIC_CANCER_ADVANCED_VS_EARLY_UP","PDGFC"
"VECCHI_GASTRIC_CANCER_ADVANCED_VS_EARLY_UP","PGBD1"
"VECCHI_GASTRIC_CANCER_ADVANCED_VS_EARLY_UP","PIK3R5"
"VECCHI_GASTRIC_CANCER_ADVANCED_VS_EARLY_UP","PLA2G7"
"VECCHI_GASTRIC_CANCER_ADVANCED_VS_EARLY_UP","PLAU"
"VECCHI_GASTRIC_CANCER_ADVANCED_VS_EARLY_UP","PLOD2"
"VECCHI_GASTRIC_CANCER_ADVANCED_VS_EARLY_UP","PLXDC2"
"VECCHI_GASTRIC_CANCER_ADVANCED_VS_EARLY_UP","PRDM6"
"VECCHI_GASTRIC_CANCER_ADVANCED_VS_EARLY_UP","PRELP"
"VECCHI_GASTRIC_CANCER_ADVANCED_VS_EARLY_UP","PRRX1"
"VECCHI_GASTRIC_CANCER_ADVANCED_VS_EARLY_UP","QKI"
"VECCHI_GASTRIC_CANCER_ADVANCED_VS_EARLY_UP","RAB31"
"VECCHI_GASTRIC_CANCER_ADVANCED_VS_EARLY_UP","RARRES1"
"VECCHI_GASTRIC_CANCER_ADVANCED_VS_EARLY_UP","RBMS1"
"VECCHI_GASTRIC_CANCER_ADVANCED_VS_EARLY_UP","RIMKLB"
"VECCHI_GASTRIC_CANCER_ADVANCED_VS_EARLY_UP","RNF213"
"VECCHI_GASTRIC_CANCER_ADVANCED_VS_EARLY_UP","SALL4"
"VECCHI_GASTRIC_CANCER_ADVANCED_VS_EARLY_UP","SEPTIN11"
"VECCHI_GASTRIC_CANCER_ADVANCED_VS_EARLY_UP","SFMBT2"
"VECCHI_GASTRIC_CANCER_ADVANCED_VS_EARLY_UP","SFRP2"
"VECCHI_GASTRIC_CANCER_ADVANCED_VS_EARLY_UP","SFRP4"
"VECCHI_GASTRIC_CANCER_ADVANCED_VS_EARLY_UP","SLC1A3"
"VECCHI_GASTRIC_CANCER_ADVANCED_VS_EARLY_UP","SLC2A3"
"VECCHI_GASTRIC_CANCER_ADVANCED_VS_EARLY_UP","SLC5A3"
"VECCHI_GASTRIC_CANCER_ADVANCED_VS_EARLY_UP","SLIT2"
"VECCHI_GASTRIC_CANCER_ADVANCED_VS_EARLY_UP","SNAI2"
"VECCHI_GASTRIC_CANCER_ADVANCED_VS_EARLY_UP","SNHG33"
"VECCHI_GASTRIC_CANCER_ADVANCED_VS_EARLY_UP","SNX10"
"VECCHI_GASTRIC_CANCER_ADVANCED_VS_EARLY_UP","SOD2"
"VECCHI_GASTRIC_CANCER_ADVANCED_VS_EARLY_UP","SOHLH2"
"VECCHI_GASTRIC_CANCER_ADVANCED_VS_EARLY_UP","SPARC"
"VECCHI_GASTRIC_CANCER_ADVANCED_VS_EARLY_UP","SPOCK1"
"VECCHI_GASTRIC_CANCER_ADVANCED_VS_EARLY_UP","SPP1"
"VECCHI_GASTRIC_CANCER_ADVANCED_VS_EARLY_UP","ST3GAL1"
"VECCHI_GASTRIC_CANCER_ADVANCED_VS_EARLY_UP","STC2"
"VECCHI_GASTRIC_CANCER_ADVANCED_VS_EARLY_UP","SULF1"
"VECCHI_GASTRIC_CANCER_ADVANCED_VS_EARLY_UP","TAFA5"
"VECCHI_GASTRIC_CANCER_ADVANCED_VS_EARLY_UP","THBS1"
"VECCHI_GASTRIC_CANCER_ADVANCED_VS_EARLY_UP","THBS2"
"VECCHI_GASTRIC_CANCER_ADVANCED_VS_EARLY_UP","THBS4"
"VECCHI_GASTRIC_CANCER_ADVANCED_VS_EARLY_UP","TIAM1"
"VECCHI_GASTRIC_CANCER_ADVANCED_VS_EARLY_UP","TIMP3"
"VECCHI_GASTRIC_CANCER_ADVANCED_VS_EARLY_UP","TLR2"
"VECCHI_GASTRIC_CANCER_ADVANCED_VS_EARLY_UP","TMEM132A"
"VECCHI_GASTRIC_CANCER_ADVANCED_VS_EARLY_UP","TMEM45A"
"VECCHI_GASTRIC_CANCER_ADVANCED_VS_EARLY_UP","TNFAIP6"
"VECCHI_GASTRIC_CANCER_ADVANCED_VS_EARLY_UP","TPRG1"
"VECCHI_GASTRIC_CANCER_ADVANCED_VS_EARLY_UP","TRIM6"
"VECCHI_GASTRIC_CANCER_ADVANCED_VS_EARLY_UP","TRPC1"
"VECCHI_GASTRIC_CANCER_ADVANCED_VS_EARLY_UP","TWIST1"
"VECCHI_GASTRIC_CANCER_ADVANCED_VS_EARLY_UP","UBE2QL1"
"VECCHI_GASTRIC_CANCER_ADVANCED_VS_EARLY_UP","USP51"
"VECCHI_GASTRIC_CANCER_ADVANCED_VS_EARLY_UP","VCAN"
"VECCHI_GASTRIC_CANCER_ADVANCED_VS_EARLY_UP","VSIG10L"
"VECCHI_GASTRIC_CANCER_ADVANCED_VS_EARLY_UP","WNT2"
"VECCHI_GASTRIC_CANCER_ADVANCED_VS_EARLY_UP","WWTR1"
"VECCHI_GASTRIC_CANCER_ADVANCED_VS_EARLY_UP","ZNF423"
"VECCHI_GASTRIC_CANCER_ADVANCED_VS_EARLY_UP","ZNF532"
"VECCHI_GASTRIC_CANCER_EARLY_DN","AADAC"
"VECCHI_GASTRIC_CANCER_EARLY_DN","ABAT"
"VECCHI_GASTRIC_CANCER_EARLY_DN","ABCA8"
"VECCHI_GASTRIC_CANCER_EARLY_DN","ACE2"
"VECCHI_GASTRIC_CANCER_EARLY_DN","ACKR4"
"VECCHI_GASTRIC_CANCER_EARLY_DN","ACOX2"
"VECCHI_GASTRIC_CANCER_EARLY_DN","ADA"
"VECCHI_GASTRIC_CANCER_EARLY_DN","ADGRG2"
"VECCHI_GASTRIC_CANCER_EARLY_DN","ADGRL3"
"VECCHI_GASTRIC_CANCER_EARLY_DN","ADH1B"
"VECCHI_GASTRIC_CANCER_EARLY_DN","ADIPOQ"
"VECCHI_GASTRIC_CANCER_EARLY_DN","ADRB2"
"VECCHI_GASTRIC_CANCER_EARLY_DN","ADTRP"
"VECCHI_GASTRIC_CANCER_EARLY_DN","AFF3"
"VECCHI_GASTRIC_CANCER_EARLY_DN","AGTR1"
"VECCHI_GASTRIC_CANCER_EARLY_DN","AKR1C1"
"VECCHI_GASTRIC_CANCER_EARLY_DN","ALDH1A1"
"VECCHI_GASTRIC_CANCER_EARLY_DN","ALDH1A2"
"VECCHI_GASTRIC_CANCER_EARLY_DN","ALDH1L2"
"VECCHI_GASTRIC_CANCER_EARLY_DN","ALDH6A1"
"VECCHI_GASTRIC_CANCER_EARLY_DN","ALKAL2"
"VECCHI_GASTRIC_CANCER_EARLY_DN","AMPD1"
"VECCHI_GASTRIC_CANCER_EARLY_DN","ANGPT1"
"VECCHI_GASTRIC_CANCER_EARLY_DN","ANGPTL1"
"VECCHI_GASTRIC_CANCER_EARLY_DN","APOA1"
"VECCHI_GASTRIC_CANCER_EARLY_DN","APOC3"
"VECCHI_GASTRIC_CANCER_EARLY_DN","AQP4"
"VECCHI_GASTRIC_CANCER_EARLY_DN","ARHGAP24"
"VECCHI_GASTRIC_CANCER_EARLY_DN","ARMCX1"
"VECCHI_GASTRIC_CANCER_EARLY_DN","ARMCX2"
"VECCHI_GASTRIC_CANCER_EARLY_DN","ARRDC4"
"VECCHI_GASTRIC_CANCER_EARLY_DN","ASAH2"
"VECCHI_GASTRIC_CANCER_EARLY_DN","ASPA"
"VECCHI_GASTRIC_CANCER_EARLY_DN","ATOSA"
"VECCHI_GASTRIC_CANCER_EARLY_DN","ATP13A4"
"VECCHI_GASTRIC_CANCER_EARLY_DN","ATP1A2"
"VECCHI_GASTRIC_CANCER_EARLY_DN","ATP4A"
"VECCHI_GASTRIC_CANCER_EARLY_DN","ATP4B"
"VECCHI_GASTRIC_CANCER_EARLY_DN","BCHE"
"VECCHI_GASTRIC_CANCER_EARLY_DN","BEND5"
"VECCHI_GASTRIC_CANCER_EARLY_DN","BEX1"
"VECCHI_GASTRIC_CANCER_EARLY_DN","BEX2"
"VECCHI_GASTRIC_CANCER_EARLY_DN","BEX5"
"VECCHI_GASTRIC_CANCER_EARLY_DN","BHLHA15"
"VECCHI_GASTRIC_CANCER_EARLY_DN","BMPR1B"
"VECCHI_GASTRIC_CANCER_EARLY_DN","BNIP3"
"VECCHI_GASTRIC_CANCER_EARLY_DN","BPIFA1"
"VECCHI_GASTRIC_CANCER_EARLY_DN","C14orf132"
"VECCHI_GASTRIC_CANCER_EARLY_DN","C16orf89"
"VECCHI_GASTRIC_CANCER_EARLY_DN","C6"
"VECCHI_GASTRIC_CANCER_EARLY_DN","C7"
"VECCHI_GASTRIC_CANCER_EARLY_DN","CASQ2"
"VECCHI_GASTRIC_CANCER_EARLY_DN","CAVIN2"
"VECCHI_GASTRIC_CANCER_EARLY_DN","CBLIF"
"VECCHI_GASTRIC_CANCER_EARLY_DN","CCL5"
"VECCHI_GASTRIC_CANCER_EARLY_DN","CCPG1"
"VECCHI_GASTRIC_CANCER_EARLY_DN","CCR2"
"VECCHI_GASTRIC_CANCER_EARLY_DN","CD302"
"VECCHI_GASTRIC_CANCER_EARLY_DN","CD36"
"VECCHI_GASTRIC_CANCER_EARLY_DN","CD79A"
"VECCHI_GASTRIC_CANCER_EARLY_DN","CDH19"
"VECCHI_GASTRIC_CANCER_EARLY_DN","CEP85L"
"VECCHI_GASTRIC_CANCER_EARLY_DN","CFH"
"VECCHI_GASTRIC_CANCER_EARLY_DN","CFL2"
"VECCHI_GASTRIC_CANCER_EARLY_DN","CGNL1"
"VECCHI_GASTRIC_CANCER_EARLY_DN","CHGA"
"VECCHI_GASTRIC_CANCER_EARLY_DN","CHGB"
"VECCHI_GASTRIC_CANCER_EARLY_DN","CHRDL1"
"VECCHI_GASTRIC_CANCER_EARLY_DN","CHRM3"
"VECCHI_GASTRIC_CANCER_EARLY_DN","CITED2"
"VECCHI_GASTRIC_CANCER_EARLY_DN","CKMT2"
"VECCHI_GASTRIC_CANCER_EARLY_DN","CLDN10"
"VECCHI_GASTRIC_CANCER_EARLY_DN","CLDND1"
"VECCHI_GASTRIC_CANCER_EARLY_DN","CLTRN"
"VECCHI_GASTRIC_CANCER_EARLY_DN","CLU"
"VECCHI_GASTRIC_CANCER_EARLY_DN","CNN1"
"VECCHI_GASTRIC_CANCER_EARLY_DN","CNTN1"
"VECCHI_GASTRIC_CANCER_EARLY_DN","COL4A6"
"VECCHI_GASTRIC_CANCER_EARLY_DN","COLCA1"
"VECCHI_GASTRIC_CANCER_EARLY_DN","CPA2"
"VECCHI_GASTRIC_CANCER_EARLY_DN","CPE"
"VECCHI_GASTRIC_CANCER_EARLY_DN","CWH43"
"VECCHI_GASTRIC_CANCER_EARLY_DN","CXCL12"
"VECCHI_GASTRIC_CANCER_EARLY_DN","CYBRD1"
"VECCHI_GASTRIC_CANCER_EARLY_DN","CYP1B1"
"VECCHI_GASTRIC_CANCER_EARLY_DN","CYP2C18"
"VECCHI_GASTRIC_CANCER_EARLY_DN","CYP2C19"
"VECCHI_GASTRIC_CANCER_EARLY_DN","CYP2C9"
"VECCHI_GASTRIC_CANCER_EARLY_DN","CYP3A4"
"VECCHI_GASTRIC_CANCER_EARLY_DN","CYTIP"
"VECCHI_GASTRIC_CANCER_EARLY_DN","DAB1"
"VECCHI_GASTRIC_CANCER_EARLY_DN","DMD"
"VECCHI_GASTRIC_CANCER_EARLY_DN","DNAJC6"
"VECCHI_GASTRIC_CANCER_EARLY_DN","DNER"
"VECCHI_GASTRIC_CANCER_EARLY_DN","DPT"
"VECCHI_GASTRIC_CANCER_EARLY_DN","DTNA"
"VECCHI_GASTRIC_CANCER_EARLY_DN","DTNB-AS1"
"VECCHI_GASTRIC_CANCER_EARLY_DN","DUSP5"
"VECCHI_GASTRIC_CANCER_EARLY_DN","EBF1"
"VECCHI_GASTRIC_CANCER_EARLY_DN","ECHDC3"
"VECCHI_GASTRIC_CANCER_EARLY_DN","ECRG4"
"VECCHI_GASTRIC_CANCER_EARLY_DN","EFEMP1"
"VECCHI_GASTRIC_CANCER_EARLY_DN","ELAPOR1"
"VECCHI_GASTRIC_CANCER_EARLY_DN","ELL2"
"VECCHI_GASTRIC_CANCER_EARLY_DN","ENPP2"
"VECCHI_GASTRIC_CANCER_EARLY_DN","ENTPD3"
"VECCHI_GASTRIC_CANCER_EARLY_DN","ENTPD5"
"VECCHI_GASTRIC_CANCER_EARLY_DN","ERBIN"
"VECCHI_GASTRIC_CANCER_EARLY_DN","ERO1B"
"VECCHI_GASTRIC_CANCER_EARLY_DN","ESRRG"
"VECCHI_GASTRIC_CANCER_EARLY_DN","ETNPPL"
"VECCHI_GASTRIC_CANCER_EARLY_DN","EVI2B"
"VECCHI_GASTRIC_CANCER_EARLY_DN","F11"
"VECCHI_GASTRIC_CANCER_EARLY_DN","F13A1"
"VECCHI_GASTRIC_CANCER_EARLY_DN","FABP4"
"VECCHI_GASTRIC_CANCER_EARLY_DN","FAM107A"
"VECCHI_GASTRIC_CANCER_EARLY_DN","FAM30A"
"VECCHI_GASTRIC_CANCER_EARLY_DN","FAM3B"
"VECCHI_GASTRIC_CANCER_EARLY_DN","FCRL5"
"VECCHI_GASTRIC_CANCER_EARLY_DN","FHL1"
"VECCHI_GASTRIC_CANCER_EARLY_DN","FIGN"
"VECCHI_GASTRIC_CANCER_EARLY_DN","FKBP5"
"VECCHI_GASTRIC_CANCER_EARLY_DN","FMO5"
"VECCHI_GASTRIC_CANCER_EARLY_DN","FUT9"
"VECCHI_GASTRIC_CANCER_EARLY_DN","GABARAPL1"
"VECCHI_GASTRIC_CANCER_EARLY_DN","GABRB3"
"VECCHI_GASTRIC_CANCER_EARLY_DN","GADD45B"
"VECCHI_GASTRIC_CANCER_EARLY_DN","GAS1"
"VECCHI_GASTRIC_CANCER_EARLY_DN","GATA5"
"VECCHI_GASTRIC_CANCER_EARLY_DN","GC"
"VECCHI_GASTRIC_CANCER_EARLY_DN","GCNT2"
"VECCHI_GASTRIC_CANCER_EARLY_DN","GHR"
"VECCHI_GASTRIC_CANCER_EARLY_DN","GIP"
"VECCHI_GASTRIC_CANCER_EARLY_DN","GKN1"
"VECCHI_GASTRIC_CANCER_EARLY_DN","GKN2"
"VECCHI_GASTRIC_CANCER_EARLY_DN","GLUL"
"VECCHI_GASTRIC_CANCER_EARLY_DN","GMPR"
"VECCHI_GASTRIC_CANCER_EARLY_DN","GNAO1"
"VECCHI_GASTRIC_CANCER_EARLY_DN","GNG7"
"VECCHI_GASTRIC_CANCER_EARLY_DN","GPER1"
"VECCHI_GASTRIC_CANCER_EARLY_DN","GPM6B"
"VECCHI_GASTRIC_CANCER_EARLY_DN","GPR155"
"VECCHI_GASTRIC_CANCER_EARLY_DN","GPR27"
"VECCHI_GASTRIC_CANCER_EARLY_DN","GPX3"
"VECCHI_GASTRIC_CANCER_EARLY_DN","GREM2"
"VECCHI_GASTRIC_CANCER_EARLY_DN","GRIP2"
"VECCHI_GASTRIC_CANCER_EARLY_DN","GSPT2"
"VECCHI_GASTRIC_CANCER_EARLY_DN","GSTA1"
"VECCHI_GASTRIC_CANCER_EARLY_DN","GSTA3"
"VECCHI_GASTRIC_CANCER_EARLY_DN","HDGFL3"
"VECCHI_GASTRIC_CANCER_EARLY_DN","HHIP"
"VECCHI_GASTRIC_CANCER_EARLY_DN","HLA-DOB"
"VECCHI_GASTRIC_CANCER_EARLY_DN","HLF"
"VECCHI_GASTRIC_CANCER_EARLY_DN","HMGN5"
"VECCHI_GASTRIC_CANCER_EARLY_DN","HPGD"
"VECCHI_GASTRIC_CANCER_EARLY_DN","HSPB8"
"VECCHI_GASTRIC_CANCER_EARLY_DN","ID4"
"VECCHI_GASTRIC_CANCER_EARLY_DN","IDUA"
"VECCHI_GASTRIC_CANCER_EARLY_DN","IGHA1"
"VECCHI_GASTRIC_CANCER_EARLY_DN","IGHM"
"VECCHI_GASTRIC_CANCER_EARLY_DN","IGKJ5"
"VECCHI_GASTRIC_CANCER_EARLY_DN","IGKV1D-13"
"VECCHI_GASTRIC_CANCER_EARLY_DN","IGKV1D-37"
"VECCHI_GASTRIC_CANCER_EARLY_DN","IGKV1D-39"
"VECCHI_GASTRIC_CANCER_EARLY_DN","IGKV1OR1-1"
"VECCHI_GASTRIC_CANCER_EARLY_DN","IGLC2"
"VECCHI_GASTRIC_CANCER_EARLY_DN","IGLV3-25"
"VECCHI_GASTRIC_CANCER_EARLY_DN","IL6R"
"VECCHI_GASTRIC_CANCER_EARLY_DN","INA"
"VECCHI_GASTRIC_CANCER_EARLY_DN","IRX2"
"VECCHI_GASTRIC_CANCER_EARLY_DN","IRX3"
"VECCHI_GASTRIC_CANCER_EARLY_DN","ITIH5"
"VECCHI_GASTRIC_CANCER_EARLY_DN","ITM2A"
"VECCHI_GASTRIC_CANCER_EARLY_DN","JAM2"
"VECCHI_GASTRIC_CANCER_EARLY_DN","JCHAIN"
"VECCHI_GASTRIC_CANCER_EARLY_DN","JHY"
"VECCHI_GASTRIC_CANCER_EARLY_DN","KANK4"
"VECCHI_GASTRIC_CANCER_EARLY_DN","KCNE2"
"VECCHI_GASTRIC_CANCER_EARLY_DN","KCNJ15"
"VECCHI_GASTRIC_CANCER_EARLY_DN","KCNJ16"
"VECCHI_GASTRIC_CANCER_EARLY_DN","KCNJ5"
"VECCHI_GASTRIC_CANCER_EARLY_DN","KCNMB2"
"VECCHI_GASTRIC_CANCER_EARLY_DN","KIF5C"
"VECCHI_GASTRIC_CANCER_EARLY_DN","KIT"
"VECCHI_GASTRIC_CANCER_EARLY_DN","KLF15"
"VECCHI_GASTRIC_CANCER_EARLY_DN","KLF9"
"VECCHI_GASTRIC_CANCER_EARLY_DN","LAMA2"
"VECCHI_GASTRIC_CANCER_EARLY_DN","LARP6"
"VECCHI_GASTRIC_CANCER_EARLY_DN","LDB3"
"VECCHI_GASTRIC_CANCER_EARLY_DN","LDHB"
"VECCHI_GASTRIC_CANCER_EARLY_DN","LEPR"
"VECCHI_GASTRIC_CANCER_EARLY_DN","LIFR"
"VECCHI_GASTRIC_CANCER_EARLY_DN","LINC00261"
"VECCHI_GASTRIC_CANCER_EARLY_DN","LINC00667"
"VECCHI_GASTRIC_CANCER_EARLY_DN","LINC02381"
"VECCHI_GASTRIC_CANCER_EARLY_DN","LIPF"
"VECCHI_GASTRIC_CANCER_EARLY_DN","LONRF2"
"VECCHI_GASTRIC_CANCER_EARLY_DN","LRRC17"
"VECCHI_GASTRIC_CANCER_EARLY_DN","LY9"
"VECCHI_GASTRIC_CANCER_EARLY_DN","LYVE1"
"VECCHI_GASTRIC_CANCER_EARLY_DN","MAF"
"VECCHI_GASTRIC_CANCER_EARLY_DN","MAGEH1"
"VECCHI_GASTRIC_CANCER_EARLY_DN","MAGI2"
"VECCHI_GASTRIC_CANCER_EARLY_DN","MAL"
"VECCHI_GASTRIC_CANCER_EARLY_DN","MAMDC2"
"VECCHI_GASTRIC_CANCER_EARLY_DN","MANEA"
"VECCHI_GASTRIC_CANCER_EARLY_DN","MAOA"
"VECCHI_GASTRIC_CANCER_EARLY_DN","MAP7D2"
"VECCHI_GASTRIC_CANCER_EARLY_DN","MAP9"
"VECCHI_GASTRIC_CANCER_EARLY_DN","MCTP1"
"VECCHI_GASTRIC_CANCER_EARLY_DN","MDFIC"
"VECCHI_GASTRIC_CANCER_EARLY_DN","MEP1B"
"VECCHI_GASTRIC_CANCER_EARLY_DN","MFAP5"
"VECCHI_GASTRIC_CANCER_EARLY_DN","MFSD4A"
"VECCHI_GASTRIC_CANCER_EARLY_DN","MT1E"
"VECCHI_GASTRIC_CANCER_EARLY_DN","MT1F"
"VECCHI_GASTRIC_CANCER_EARLY_DN","MT1H"
"VECCHI_GASTRIC_CANCER_EARLY_DN","MT1M"
"VECCHI_GASTRIC_CANCER_EARLY_DN","MT1X"
"VECCHI_GASTRIC_CANCER_EARLY_DN","MTTP"
"VECCHI_GASTRIC_CANCER_EARLY_DN","MYOC"
"VECCHI_GASTRIC_CANCER_EARLY_DN","MYOT"
"VECCHI_GASTRIC_CANCER_EARLY_DN","MYRIP"
"VECCHI_GASTRIC_CANCER_EARLY_DN","MZB1"
"VECCHI_GASTRIC_CANCER_EARLY_DN","NAP1L2"
"VECCHI_GASTRIC_CANCER_EARLY_DN","NCAM1"
"VECCHI_GASTRIC_CANCER_EARLY_DN","NDNF"
"VECCHI_GASTRIC_CANCER_EARLY_DN","NEXMIF"
"VECCHI_GASTRIC_CANCER_EARLY_DN","NLRP7"
"VECCHI_GASTRIC_CANCER_EARLY_DN","NLRX1"
"VECCHI_GASTRIC_CANCER_EARLY_DN","NME5"
"VECCHI_GASTRIC_CANCER_EARLY_DN","NR3C1"
"VECCHI_GASTRIC_CANCER_EARLY_DN","NR3C2"
"VECCHI_GASTRIC_CANCER_EARLY_DN","NT5DC1"
"VECCHI_GASTRIC_CANCER_EARLY_DN","NTN4"
"VECCHI_GASTRIC_CANCER_EARLY_DN","NTRK3"
"VECCHI_GASTRIC_CANCER_EARLY_DN","OMD"
"VECCHI_GASTRIC_CANCER_EARLY_DN","P2RY14"
"VECCHI_GASTRIC_CANCER_EARLY_DN","PALM2AKAP2"
"VECCHI_GASTRIC_CANCER_EARLY_DN","PBLD"
"VECCHI_GASTRIC_CANCER_EARLY_DN","PCDH20"
"VECCHI_GASTRIC_CANCER_EARLY_DN","PCDH7"
"VECCHI_GASTRIC_CANCER_EARLY_DN","PCDH9"
"VECCHI_GASTRIC_CANCER_EARLY_DN","PDGFC"
"VECCHI_GASTRIC_CANCER_EARLY_DN","PDGFD"
"VECCHI_GASTRIC_CANCER_EARLY_DN","PDK4"
"VECCHI_GASTRIC_CANCER_EARLY_DN","PELI2"
"VECCHI_GASTRIC_CANCER_EARLY_DN","PGA5"
"VECCHI_GASTRIC_CANCER_EARLY_DN","PGC"
"VECCHI_GASTRIC_CANCER_EARLY_DN","PGM5-AS1"
"VECCHI_GASTRIC_CANCER_EARLY_DN","PID1"
"VECCHI_GASTRIC_CANCER_EARLY_DN","PIK3CG"
"VECCHI_GASTRIC_CANCER_EARLY_DN","PKIB"
"VECCHI_GASTRIC_CANCER_EARLY_DN","PLCXD3"
"VECCHI_GASTRIC_CANCER_EARLY_DN","PLIN1"
"VECCHI_GASTRIC_CANCER_EARLY_DN","PLLP"
"VECCHI_GASTRIC_CANCER_EARLY_DN","PLN"
"VECCHI_GASTRIC_CANCER_EARLY_DN","PLP1"
"VECCHI_GASTRIC_CANCER_EARLY_DN","PLPP3"
"VECCHI_GASTRIC_CANCER_EARLY_DN","PNOC"
"VECCHI_GASTRIC_CANCER_EARLY_DN","POU2AF1"
"VECCHI_GASTRIC_CANCER_EARLY_DN","PPOX"
"VECCHI_GASTRIC_CANCER_EARLY_DN","PPP2R3A"
"VECCHI_GASTRIC_CANCER_EARLY_DN","PRDM16"
"VECCHI_GASTRIC_CANCER_EARLY_DN","PRDM16-DT"
"VECCHI_GASTRIC_CANCER_EARLY_DN","PRIMA1"
"VECCHI_GASTRIC_CANCER_EARLY_DN","PRKACB"
"VECCHI_GASTRIC_CANCER_EARLY_DN","PRKD3"
"VECCHI_GASTRIC_CANCER_EARLY_DN","PTGDR2"
"VECCHI_GASTRIC_CANCER_EARLY_DN","PTGER3"
"VECCHI_GASTRIC_CANCER_EARLY_DN","PTPRZ1"
"VECCHI_GASTRIC_CANCER_EARLY_DN","PWWP3B"
"VECCHI_GASTRIC_CANCER_EARLY_DN","RAB27A"
"VECCHI_GASTRIC_CANCER_EARLY_DN","RAB9B"
"VECCHI_GASTRIC_CANCER_EARLY_DN","RAI2"
"VECCHI_GASTRIC_CANCER_EARLY_DN","RASSF10"
"VECCHI_GASTRIC_CANCER_EARLY_DN","RBMS3"
"VECCHI_GASTRIC_CANCER_EARLY_DN","RBP2"
"VECCHI_GASTRIC_CANCER_EARLY_DN","RBPMS2"
"VECCHI_GASTRIC_CANCER_EARLY_DN","RCAN2"
"VECCHI_GASTRIC_CANCER_EARLY_DN","REG1A"
"VECCHI_GASTRIC_CANCER_EARLY_DN","RETNLB"
"VECCHI_GASTRIC_CANCER_EARLY_DN","RGMB"
"VECCHI_GASTRIC_CANCER_EARLY_DN","RGS13"
"VECCHI_GASTRIC_CANCER_EARLY_DN","RGS4"
"VECCHI_GASTRIC_CANCER_EARLY_DN","RIMS3"
"VECCHI_GASTRIC_CANCER_EARLY_DN","RNF180"
"VECCHI_GASTRIC_CANCER_EARLY_DN","RNLS"
"VECCHI_GASTRIC_CANCER_EARLY_DN","RORA"
"VECCHI_GASTRIC_CANCER_EARLY_DN","RPS6KA6"
"VECCHI_GASTRIC_CANCER_EARLY_DN","SBSPON"
"VECCHI_GASTRIC_CANCER_EARLY_DN","SCARA5"
"VECCHI_GASTRIC_CANCER_EARLY_DN","SCGB2A1"
"VECCHI_GASTRIC_CANCER_EARLY_DN","SCN7A"
"VECCHI_GASTRIC_CANCER_EARLY_DN","SCUBE2"
"VECCHI_GASTRIC_CANCER_EARLY_DN","SELENOP"
"VECCHI_GASTRIC_CANCER_EARLY_DN","SEMA4A"
"VECCHI_GASTRIC_CANCER_EARLY_DN","SEPTIN6"
"VECCHI_GASTRIC_CANCER_EARLY_DN","SERPINI1"
"VECCHI_GASTRIC_CANCER_EARLY_DN","SETBP1"
"VECCHI_GASTRIC_CANCER_EARLY_DN","SFRP1"
"VECCHI_GASTRIC_CANCER_EARLY_DN","SH3GL2"
"VECCHI_GASTRIC_CANCER_EARLY_DN","SHISA3"
"VECCHI_GASTRIC_CANCER_EARLY_DN","SIDT2"
"VECCHI_GASTRIC_CANCER_EARLY_DN","SLAMF7"
"VECCHI_GASTRIC_CANCER_EARLY_DN","SLC15A1"
"VECCHI_GASTRIC_CANCER_EARLY_DN","SLC16A7"
"VECCHI_GASTRIC_CANCER_EARLY_DN","SLC18A2"
"VECCHI_GASTRIC_CANCER_EARLY_DN","SLC1A2"
"VECCHI_GASTRIC_CANCER_EARLY_DN","SLC26A7"
"VECCHI_GASTRIC_CANCER_EARLY_DN","SLC28A2"
"VECCHI_GASTRIC_CANCER_EARLY_DN","SLC2A12"
"VECCHI_GASTRIC_CANCER_EARLY_DN","SLC2A2"
"VECCHI_GASTRIC_CANCER_EARLY_DN","SLC36A4"
"VECCHI_GASTRIC_CANCER_EARLY_DN","SLC51A"
"VECCHI_GASTRIC_CANCER_EARLY_DN","SLIT2"
"VECCHI_GASTRIC_CANCER_EARLY_DN","SMARCA1"
"VECCHI_GASTRIC_CANCER_EARLY_DN","SMIM11"
"VECCHI_GASTRIC_CANCER_EARLY_DN","SMIM38"
"VECCHI_GASTRIC_CANCER_EARLY_DN","SMLR1"
"VECCHI_GASTRIC_CANCER_EARLY_DN","SNHG14"
"VECCHI_GASTRIC_CANCER_EARLY_DN","SNRPN"
"VECCHI_GASTRIC_CANCER_EARLY_DN","SNX24"
"VECCHI_GASTRIC_CANCER_EARLY_DN","SOBP"
"VECCHI_GASTRIC_CANCER_EARLY_DN","SORBS2"
"VECCHI_GASTRIC_CANCER_EARLY_DN","SOSTDC1"
"VECCHI_GASTRIC_CANCER_EARLY_DN","SOX2"
"VECCHI_GASTRIC_CANCER_EARLY_DN","SOX6"
"VECCHI_GASTRIC_CANCER_EARLY_DN","SPART"
"VECCHI_GASTRIC_CANCER_EARLY_DN","SPESP1"
"VECCHI_GASTRIC_CANCER_EARLY_DN","SPINK2"
"VECCHI_GASTRIC_CANCER_EARLY_DN","SRPX"
"VECCHI_GASTRIC_CANCER_EARLY_DN","SST"
"VECCHI_GASTRIC_CANCER_EARLY_DN","SSTR1"
"VECCHI_GASTRIC_CANCER_EARLY_DN","ST3GAL6"
"VECCHI_GASTRIC_CANCER_EARLY_DN","ST8SIA4"
"VECCHI_GASTRIC_CANCER_EARLY_DN","STAP1"
"VECCHI_GASTRIC_CANCER_EARLY_DN","STOX2"
"VECCHI_GASTRIC_CANCER_EARLY_DN","SULT1B1"
"VECCHI_GASTRIC_CANCER_EARLY_DN","SULT1E1"
"VECCHI_GASTRIC_CANCER_EARLY_DN","SULT2A1"
"VECCHI_GASTRIC_CANCER_EARLY_DN","SUSD4"
"VECCHI_GASTRIC_CANCER_EARLY_DN","SVEP1"
"VECCHI_GASTRIC_CANCER_EARLY_DN","SYNM"
"VECCHI_GASTRIC_CANCER_EARLY_DN","SYNPO2"
"VECCHI_GASTRIC_CANCER_EARLY_DN","SYT4"
"VECCHI_GASTRIC_CANCER_EARLY_DN","TCEAL2"
"VECCHI_GASTRIC_CANCER_EARLY_DN","TENT5C"
"VECCHI_GASTRIC_CANCER_EARLY_DN","THSD4"
"VECCHI_GASTRIC_CANCER_EARLY_DN","TMED6"
"VECCHI_GASTRIC_CANCER_EARLY_DN","TMEFF2"
"VECCHI_GASTRIC_CANCER_EARLY_DN","TMEM100"
"VECCHI_GASTRIC_CANCER_EARLY_DN","TMEM47"
"VECCHI_GASTRIC_CANCER_EARLY_DN","TMPRSS15"
"VECCHI_GASTRIC_CANCER_EARLY_DN","TMPRSS6"
"VECCHI_GASTRIC_CANCER_EARLY_DN","TMT1A"
"VECCHI_GASTRIC_CANCER_EARLY_DN","TNFRSF17"
"VECCHI_GASTRIC_CANCER_EARLY_DN","TRG-AS1"
"VECCHI_GASTRIC_CANCER_EARLY_DN","TRGC1"
"VECCHI_GASTRIC_CANCER_EARLY_DN","TSC22D3"
"VECCHI_GASTRIC_CANCER_EARLY_DN","TTLL7"
"VECCHI_GASTRIC_CANCER_EARLY_DN","UBE2J1"
"VECCHI_GASTRIC_CANCER_EARLY_DN","UBE2QL1"
"VECCHI_GASTRIC_CANCER_EARLY_DN","UBL3"
"VECCHI_GASTRIC_CANCER_EARLY_DN","UGT2B11"
"VECCHI_GASTRIC_CANCER_EARLY_DN","UGT2B15"
"VECCHI_GASTRIC_CANCER_EARLY_DN","UGT2B17"
"VECCHI_GASTRIC_CANCER_EARLY_DN","UNC5D"
"VECCHI_GASTRIC_CANCER_EARLY_DN","USP51"
"VECCHI_GASTRIC_CANCER_EARLY_DN","VEPH1"
"VECCHI_GASTRIC_CANCER_EARLY_DN","VLDLR"
"VECCHI_GASTRIC_CANCER_EARLY_DN","VSTM2A"
"VECCHI_GASTRIC_CANCER_EARLY_DN","WIF1"
"VECCHI_GASTRIC_CANCER_EARLY_DN","WIPF3"
"VECCHI_GASTRIC_CANCER_EARLY_DN","YIF1B"
"VECCHI_GASTRIC_CANCER_EARLY_DN","ZBTB16"
"VECCHI_GASTRIC_CANCER_EARLY_DN","ZNF385B"
"VECCHI_GASTRIC_CANCER_EARLY_DN","ZNF471"
"VECCHI_GASTRIC_CANCER_EARLY_DN","ZNF667-AS1"
"VECCHI_GASTRIC_CANCER_EARLY_DN","ZNF677"
"VECCHI_GASTRIC_CANCER_EARLY_DN","ZNF844"
"VECCHI_GASTRIC_CANCER_EARLY_UP","AATF"
"VECCHI_GASTRIC_CANCER_EARLY_UP","ABHD10"
"VECCHI_GASTRIC_CANCER_EARLY_UP","ABHD11"
"VECCHI_GASTRIC_CANCER_EARLY_UP","ABHD12"
"VECCHI_GASTRIC_CANCER_EARLY_UP","ACAA2"
"VECCHI_GASTRIC_CANCER_EARLY_UP","ADAT2"
"VECCHI_GASTRIC_CANCER_EARLY_UP","ADORA2B"
"VECCHI_GASTRIC_CANCER_EARLY_UP","AGO2"
"VECCHI_GASTRIC_CANCER_EARLY_UP","AIFM2"
"VECCHI_GASTRIC_CANCER_EARLY_UP","AJUBA"
"VECCHI_GASTRIC_CANCER_EARLY_UP","ALYREF"
"VECCHI_GASTRIC_CANCER_EARLY_UP","ANKRD10"
"VECCHI_GASTRIC_CANCER_EARLY_UP","ANLN"
"VECCHI_GASTRIC_CANCER_EARLY_UP","ANP32E"
"VECCHI_GASTRIC_CANCER_EARLY_UP","APEX2"
"VECCHI_GASTRIC_CANCER_EARLY_UP","ARHGAP8"
"VECCHI_GASTRIC_CANCER_EARLY_UP","ARL5B"
"VECCHI_GASTRIC_CANCER_EARLY_UP","ARPC4"
"VECCHI_GASTRIC_CANCER_EARLY_UP","ASCL2"
"VECCHI_GASTRIC_CANCER_EARLY_UP","ASPM"
"VECCHI_GASTRIC_CANCER_EARLY_UP","ASS1"
"VECCHI_GASTRIC_CANCER_EARLY_UP","ATAD2"
"VECCHI_GASTRIC_CANCER_EARLY_UP","ATG16L1"
"VECCHI_GASTRIC_CANCER_EARLY_UP","ATP10B"
"VECCHI_GASTRIC_CANCER_EARLY_UP","ATP11A"
"VECCHI_GASTRIC_CANCER_EARLY_UP","AURKA"
"VECCHI_GASTRIC_CANCER_EARLY_UP","BARD1"
"VECCHI_GASTRIC_CANCER_EARLY_UP","BID"
"VECCHI_GASTRIC_CANCER_EARLY_UP","BIRC5"
"VECCHI_GASTRIC_CANCER_EARLY_UP","BMS1"
"VECCHI_GASTRIC_CANCER_EARLY_UP","BOK"
"VECCHI_GASTRIC_CANCER_EARLY_UP","BRCA1"
"VECCHI_GASTRIC_CANCER_EARLY_UP","BRIP1"
"VECCHI_GASTRIC_CANCER_EARLY_UP","BUB1"
"VECCHI_GASTRIC_CANCER_EARLY_UP","BUB1B"
"VECCHI_GASTRIC_CANCER_EARLY_UP","BUB3"
"VECCHI_GASTRIC_CANCER_EARLY_UP","BYSL"
"VECCHI_GASTRIC_CANCER_EARLY_UP","C8orf33"
"VECCHI_GASTRIC_CANCER_EARLY_UP","CALML4"
"VECCHI_GASTRIC_CANCER_EARLY_UP","CAMK2N1"
"VECCHI_GASTRIC_CANCER_EARLY_UP","CBX2"
"VECCHI_GASTRIC_CANCER_EARLY_UP","CCNA2"
"VECCHI_GASTRIC_CANCER_EARLY_UP","CCNB1"
"VECCHI_GASTRIC_CANCER_EARLY_UP","CCNB2"
"VECCHI_GASTRIC_CANCER_EARLY_UP","CCNE1"
"VECCHI_GASTRIC_CANCER_EARLY_UP","CCT3"
"VECCHI_GASTRIC_CANCER_EARLY_UP","CCT6P3"
"VECCHI_GASTRIC_CANCER_EARLY_UP","CD9"
"VECCHI_GASTRIC_CANCER_EARLY_UP","CDC20"
"VECCHI_GASTRIC_CANCER_EARLY_UP","CDC25B"
"VECCHI_GASTRIC_CANCER_EARLY_UP","CDC34"
"VECCHI_GASTRIC_CANCER_EARLY_UP","CDC6"
"VECCHI_GASTRIC_CANCER_EARLY_UP","CDCA2"
"VECCHI_GASTRIC_CANCER_EARLY_UP","CDCA5"
"VECCHI_GASTRIC_CANCER_EARLY_UP","CDCA7"
"VECCHI_GASTRIC_CANCER_EARLY_UP","CDH17"
"VECCHI_GASTRIC_CANCER_EARLY_UP","CDH3"
"VECCHI_GASTRIC_CANCER_EARLY_UP","CDK1"
"VECCHI_GASTRIC_CANCER_EARLY_UP","CDK12"
"VECCHI_GASTRIC_CANCER_EARLY_UP","CDK6"
"VECCHI_GASTRIC_CANCER_EARLY_UP","CDKN3"
"VECCHI_GASTRIC_CANCER_EARLY_UP","CDR2L"
"VECCHI_GASTRIC_CANCER_EARLY_UP","CEMIP"
"VECCHI_GASTRIC_CANCER_EARLY_UP","CENPA"
"VECCHI_GASTRIC_CANCER_EARLY_UP","CENPF"
"VECCHI_GASTRIC_CANCER_EARLY_UP","CENPH"
"VECCHI_GASTRIC_CANCER_EARLY_UP","CENPK"
"VECCHI_GASTRIC_CANCER_EARLY_UP","CENPM"
"VECCHI_GASTRIC_CANCER_EARLY_UP","CENPN"
"VECCHI_GASTRIC_CANCER_EARLY_UP","CENPU"
"VECCHI_GASTRIC_CANCER_EARLY_UP","CENPW"
"VECCHI_GASTRIC_CANCER_EARLY_UP","CEP55"
"VECCHI_GASTRIC_CANCER_EARLY_UP","CEP72"
"VECCHI_GASTRIC_CANCER_EARLY_UP","CFTR"
"VECCHI_GASTRIC_CANCER_EARLY_UP","CHEK1"
"VECCHI_GASTRIC_CANCER_EARLY_UP","CHI3L1"
"VECCHI_GASTRIC_CANCER_EARLY_UP","CKAP2"
"VECCHI_GASTRIC_CANCER_EARLY_UP","CKS1B"
"VECCHI_GASTRIC_CANCER_EARLY_UP","CKS2"
"VECCHI_GASTRIC_CANCER_EARLY_UP","CLDN1"
"VECCHI_GASTRIC_CANCER_EARLY_UP","CLDN2"
"VECCHI_GASTRIC_CANCER_EARLY_UP","CLDN3"
"VECCHI_GASTRIC_CANCER_EARLY_UP","CLDN7"
"VECCHI_GASTRIC_CANCER_EARLY_UP","CLN8"
"VECCHI_GASTRIC_CANCER_EARLY_UP","CLRN3"
"VECCHI_GASTRIC_CANCER_EARLY_UP","COL7A1"
"VECCHI_GASTRIC_CANCER_EARLY_UP","COMMD5"
"VECCHI_GASTRIC_CANCER_EARLY_UP","CPLX1"
"VECCHI_GASTRIC_CANCER_EARLY_UP","CRIP1"
"VECCHI_GASTRIC_CANCER_EARLY_UP","CSE1L"
"VECCHI_GASTRIC_CANCER_EARLY_UP","CSPG5"
"VECCHI_GASTRIC_CANCER_EARLY_UP","CSTF3"
"VECCHI_GASTRIC_CANCER_EARLY_UP","CTSB"
"VECCHI_GASTRIC_CANCER_EARLY_UP","CTSV"
"VECCHI_GASTRIC_CANCER_EARLY_UP","CXCL1"
"VECCHI_GASTRIC_CANCER_EARLY_UP","CXCL3"
"VECCHI_GASTRIC_CANCER_EARLY_UP","CXCL5"
"VECCHI_GASTRIC_CANCER_EARLY_UP","CXCL8"
"VECCHI_GASTRIC_CANCER_EARLY_UP","CYC1"
"VECCHI_GASTRIC_CANCER_EARLY_UP","DCAF13"
"VECCHI_GASTRIC_CANCER_EARLY_UP","DEPDC1"
"VECCHI_GASTRIC_CANCER_EARLY_UP","DEPDC1B"
"VECCHI_GASTRIC_CANCER_EARLY_UP","DGKH"
"VECCHI_GASTRIC_CANCER_EARLY_UP","DHFR"
"VECCHI_GASTRIC_CANCER_EARLY_UP","DHX8"
"VECCHI_GASTRIC_CANCER_EARLY_UP","DKC1"
"VECCHI_GASTRIC_CANCER_EARLY_UP","DLEU2"
"VECCHI_GASTRIC_CANCER_EARLY_UP","DLGAP5"
"VECCHI_GASTRIC_CANCER_EARLY_UP","DPP3"
"VECCHI_GASTRIC_CANCER_EARLY_UP","DSCC1"
"VECCHI_GASTRIC_CANCER_EARLY_UP","DTL"
"VECCHI_GASTRIC_CANCER_EARLY_UP","DUXAP8"
"VECCHI_GASTRIC_CANCER_EARLY_UP","E2F7"
"VECCHI_GASTRIC_CANCER_EARLY_UP","E2F8"
"VECCHI_GASTRIC_CANCER_EARLY_UP","EBNA1BP2"
"VECCHI_GASTRIC_CANCER_EARLY_UP","ECT2"
"VECCHI_GASTRIC_CANCER_EARLY_UP","EFNA2"
"VECCHI_GASTRIC_CANCER_EARLY_UP","EFNA4"
"VECCHI_GASTRIC_CANCER_EARLY_UP","EFTUD2"
"VECCHI_GASTRIC_CANCER_EARLY_UP","EIF3B"
"VECCHI_GASTRIC_CANCER_EARLY_UP","EML4"
"VECCHI_GASTRIC_CANCER_EARLY_UP","ENO1"
"VECCHI_GASTRIC_CANCER_EARLY_UP","EPHA1-AS1"
"VECCHI_GASTRIC_CANCER_EARLY_UP","EPHB2"
"VECCHI_GASTRIC_CANCER_EARLY_UP","EPPK1"
"VECCHI_GASTRIC_CANCER_EARLY_UP","ESCO2"
"VECCHI_GASTRIC_CANCER_EARLY_UP","EZH2"
"VECCHI_GASTRIC_CANCER_EARLY_UP","F12"
"VECCHI_GASTRIC_CANCER_EARLY_UP","FAM133B"
"VECCHI_GASTRIC_CANCER_EARLY_UP","FAM50A"
"VECCHI_GASTRIC_CANCER_EARLY_UP","FAM72C"
"VECCHI_GASTRIC_CANCER_EARLY_UP","FAM83H"
"VECCHI_GASTRIC_CANCER_EARLY_UP","FANCD2"
"VECCHI_GASTRIC_CANCER_EARLY_UP","FANCI"
"VECCHI_GASTRIC_CANCER_EARLY_UP","FAR2"
"VECCHI_GASTRIC_CANCER_EARLY_UP","FBXO31"
"VECCHI_GASTRIC_CANCER_EARLY_UP","FBXO32"
"VECCHI_GASTRIC_CANCER_EARLY_UP","FEN1"
"VECCHI_GASTRIC_CANCER_EARLY_UP","FERMT1"
"VECCHI_GASTRIC_CANCER_EARLY_UP","FIGNL1"
"VECCHI_GASTRIC_CANCER_EARLY_UP","FOSL1"
"VECCHI_GASTRIC_CANCER_EARLY_UP","FOXM1"
"VECCHI_GASTRIC_CANCER_EARLY_UP","FOXP4-AS1"
"VECCHI_GASTRIC_CANCER_EARLY_UP","FUBP1"
"VECCHI_GASTRIC_CANCER_EARLY_UP","GABBR1"
"VECCHI_GASTRIC_CANCER_EARLY_UP","GAD1"
"VECCHI_GASTRIC_CANCER_EARLY_UP","GAS5"
"VECCHI_GASTRIC_CANCER_EARLY_UP","GDF15"
"VECCHI_GASTRIC_CANCER_EARLY_UP","GGH"
"VECCHI_GASTRIC_CANCER_EARLY_UP","GINS1"
"VECCHI_GASTRIC_CANCER_EARLY_UP","GINS2"
"VECCHI_GASTRIC_CANCER_EARLY_UP","GINS4"
"VECCHI_GASTRIC_CANCER_EARLY_UP","GLRX3P2"
"VECCHI_GASTRIC_CANCER_EARLY_UP","GPRC5A"
"VECCHI_GASTRIC_CANCER_EARLY_UP","GPSM2"
"VECCHI_GASTRIC_CANCER_EARLY_UP","GRN"
"VECCHI_GASTRIC_CANCER_EARLY_UP","GSS"
"VECCHI_GASTRIC_CANCER_EARLY_UP","GSTCD"
"VECCHI_GASTRIC_CANCER_EARLY_UP","GTPBP4"
"VECCHI_GASTRIC_CANCER_EARLY_UP","GTSE1"
"VECCHI_GASTRIC_CANCER_EARLY_UP","GUCY2C"
"VECCHI_GASTRIC_CANCER_EARLY_UP","H19"
"VECCHI_GASTRIC_CANCER_EARLY_UP","HMGA1"
"VECCHI_GASTRIC_CANCER_EARLY_UP","HMGB1"
"VECCHI_GASTRIC_CANCER_EARLY_UP","HMGB3"
"VECCHI_GASTRIC_CANCER_EARLY_UP","HMMR"
"VECCHI_GASTRIC_CANCER_EARLY_UP","HOXA10"
"VECCHI_GASTRIC_CANCER_EARLY_UP","HOXA9"
"VECCHI_GASTRIC_CANCER_EARLY_UP","HOXC6"
"VECCHI_GASTRIC_CANCER_EARLY_UP","HSPA8"
"VECCHI_GASTRIC_CANCER_EARLY_UP","HSPB1"
"VECCHI_GASTRIC_CANCER_EARLY_UP","HSPE1"
"VECCHI_GASTRIC_CANCER_EARLY_UP","HSPH1"
"VECCHI_GASTRIC_CANCER_EARLY_UP","HUS1"
"VECCHI_GASTRIC_CANCER_EARLY_UP","IDH3B"
"VECCHI_GASTRIC_CANCER_EARLY_UP","IER5L"
"VECCHI_GASTRIC_CANCER_EARLY_UP","IFI6"
"VECCHI_GASTRIC_CANCER_EARLY_UP","IFITM1"
"VECCHI_GASTRIC_CANCER_EARLY_UP","IFITM2"
"VECCHI_GASTRIC_CANCER_EARLY_UP","IFITM3"
"VECCHI_GASTRIC_CANCER_EARLY_UP","IL15RA"
"VECCHI_GASTRIC_CANCER_EARLY_UP","IL17RB"
"VECCHI_GASTRIC_CANCER_EARLY_UP","ILDR1"
"VECCHI_GASTRIC_CANCER_EARLY_UP","INHBA"
"VECCHI_GASTRIC_CANCER_EARLY_UP","INTS2"
"VECCHI_GASTRIC_CANCER_EARLY_UP","ISG15"
"VECCHI_GASTRIC_CANCER_EARLY_UP","ITGA2"
"VECCHI_GASTRIC_CANCER_EARLY_UP","ITPA"
"VECCHI_GASTRIC_CANCER_EARLY_UP","JPH1"
"VECCHI_GASTRIC_CANCER_EARLY_UP","JPT1"
"VECCHI_GASTRIC_CANCER_EARLY_UP","JPT2"
"VECCHI_GASTRIC_CANCER_EARLY_UP","JUP"
"VECCHI_GASTRIC_CANCER_EARLY_UP","KCNE3"
"VECCHI_GASTRIC_CANCER_EARLY_UP","KCNN4"
"VECCHI_GASTRIC_CANCER_EARLY_UP","KDM1B"
"VECCHI_GASTRIC_CANCER_EARLY_UP","KICS2"
"VECCHI_GASTRIC_CANCER_EARLY_UP","KIF14"
"VECCHI_GASTRIC_CANCER_EARLY_UP","KIF15"
"VECCHI_GASTRIC_CANCER_EARLY_UP","KIF18B"
"VECCHI_GASTRIC_CANCER_EARLY_UP","KIF20A"
"VECCHI_GASTRIC_CANCER_EARLY_UP","KIF26B"
"VECCHI_GASTRIC_CANCER_EARLY_UP","KIF4A"
"VECCHI_GASTRIC_CANCER_EARLY_UP","KIF9"
"VECCHI_GASTRIC_CANCER_EARLY_UP","KLF5"
"VECCHI_GASTRIC_CANCER_EARLY_UP","KLHL21"
"VECCHI_GASTRIC_CANCER_EARLY_UP","KLK10"
"VECCHI_GASTRIC_CANCER_EARLY_UP","KLK6"
"VECCHI_GASTRIC_CANCER_EARLY_UP","KLK7"
"VECCHI_GASTRIC_CANCER_EARLY_UP","KMT2E-AS1"
"VECCHI_GASTRIC_CANCER_EARLY_UP","KNL1"
"VECCHI_GASTRIC_CANCER_EARLY_UP","KRT18"
"VECCHI_GASTRIC_CANCER_EARLY_UP","KRT7"
"VECCHI_GASTRIC_CANCER_EARLY_UP","LACTB2"
"VECCHI_GASTRIC_CANCER_EARLY_UP","LAMA3"
"VECCHI_GASTRIC_CANCER_EARLY_UP","LAMA5"
"VECCHI_GASTRIC_CANCER_EARLY_UP","LAMC2"
"VECCHI_GASTRIC_CANCER_EARLY_UP","LAPTM4B"
"VECCHI_GASTRIC_CANCER_EARLY_UP","LCN2"
"VECCHI_GASTRIC_CANCER_EARLY_UP","LIF"
"VECCHI_GASTRIC_CANCER_EARLY_UP","LINC-PINT"
"VECCHI_GASTRIC_CANCER_EARLY_UP","LRP8"
"VECCHI_GASTRIC_CANCER_EARLY_UP","LYAR"
"VECCHI_GASTRIC_CANCER_EARLY_UP","MACC1"
"VECCHI_GASTRIC_CANCER_EARLY_UP","MAD2L1"
"VECCHI_GASTRIC_CANCER_EARLY_UP","MAGEA3"
"VECCHI_GASTRIC_CANCER_EARLY_UP","MARVELD3"
"VECCHI_GASTRIC_CANCER_EARLY_UP","MCF2L"
"VECCHI_GASTRIC_CANCER_EARLY_UP","MCM10"
"VECCHI_GASTRIC_CANCER_EARLY_UP","MCM2"
"VECCHI_GASTRIC_CANCER_EARLY_UP","MCM4"
"VECCHI_GASTRIC_CANCER_EARLY_UP","MCM5"
"VECCHI_GASTRIC_CANCER_EARLY_UP","MCM7"
"VECCHI_GASTRIC_CANCER_EARLY_UP","MELK"
"VECCHI_GASTRIC_CANCER_EARLY_UP","MELTF"
"VECCHI_GASTRIC_CANCER_EARLY_UP","MIPEP"
"VECCHI_GASTRIC_CANCER_EARLY_UP","MIR17HG"
"VECCHI_GASTRIC_CANCER_EARLY_UP","MIRLET7BHG"
"VECCHI_GASTRIC_CANCER_EARLY_UP","MKI67"
"VECCHI_GASTRIC_CANCER_EARLY_UP","MMP3"
"VECCHI_GASTRIC_CANCER_EARLY_UP","MMP7"
"VECCHI_GASTRIC_CANCER_EARLY_UP","MRPL13"
"VECCHI_GASTRIC_CANCER_EARLY_UP","MRPS10"
"VECCHI_GASTRIC_CANCER_EARLY_UP","MRPS16"
"VECCHI_GASTRIC_CANCER_EARLY_UP","MRPS17"
"VECCHI_GASTRIC_CANCER_EARLY_UP","MRPS28"
"VECCHI_GASTRIC_CANCER_EARLY_UP","MRTO4"
"VECCHI_GASTRIC_CANCER_EARLY_UP","MSRB1"
"VECCHI_GASTRIC_CANCER_EARLY_UP","MSX2"
"VECCHI_GASTRIC_CANCER_EARLY_UP","MTCH2"
"VECCHI_GASTRIC_CANCER_EARLY_UP","MTFR2"
"VECCHI_GASTRIC_CANCER_EARLY_UP","MTHFD1L"
"VECCHI_GASTRIC_CANCER_EARLY_UP","MUC13"
"VECCHI_GASTRIC_CANCER_EARLY_UP","MUC3A"
"VECCHI_GASTRIC_CANCER_EARLY_UP","MYB"
"VECCHI_GASTRIC_CANCER_EARLY_UP","MYBL2"
"VECCHI_GASTRIC_CANCER_EARLY_UP","MYEOV"
"VECCHI_GASTRIC_CANCER_EARLY_UP","MYG1"
"VECCHI_GASTRIC_CANCER_EARLY_UP","MYOF"
"VECCHI_GASTRIC_CANCER_EARLY_UP","MZT1"
"VECCHI_GASTRIC_CANCER_EARLY_UP","NAA25"
"VECCHI_GASTRIC_CANCER_EARLY_UP","NASP"
"VECCHI_GASTRIC_CANCER_EARLY_UP","NCAPG"
"VECCHI_GASTRIC_CANCER_EARLY_UP","NCAPG2"
"VECCHI_GASTRIC_CANCER_EARLY_UP","NCBP2"
"VECCHI_GASTRIC_CANCER_EARLY_UP","NDC80"
"VECCHI_GASTRIC_CANCER_EARLY_UP","NEAT1"
"VECCHI_GASTRIC_CANCER_EARLY_UP","NEK2"
"VECCHI_GASTRIC_CANCER_EARLY_UP","NELFCD"
"VECCHI_GASTRIC_CANCER_EARLY_UP","NME1"
"VECCHI_GASTRIC_CANCER_EARLY_UP","NMU"
"VECCHI_GASTRIC_CANCER_EARLY_UP","NOP16"
"VECCHI_GASTRIC_CANCER_EARLY_UP","NOP56"
"VECCHI_GASTRIC_CANCER_EARLY_UP","NPIPA1"
"VECCHI_GASTRIC_CANCER_EARLY_UP","NPM1"
"VECCHI_GASTRIC_CANCER_EARLY_UP","NPM1P22"
"VECCHI_GASTRIC_CANCER_EARLY_UP","NSD2"
"VECCHI_GASTRIC_CANCER_EARLY_UP","NSUN5"
"VECCHI_GASTRIC_CANCER_EARLY_UP","NTPCR"
"VECCHI_GASTRIC_CANCER_EARLY_UP","NUDCD1"
"VECCHI_GASTRIC_CANCER_EARLY_UP","NUDT6"
"VECCHI_GASTRIC_CANCER_EARLY_UP","NUF2"
"VECCHI_GASTRIC_CANCER_EARLY_UP","NUP155"
"VECCHI_GASTRIC_CANCER_EARLY_UP","NUP58"
"VECCHI_GASTRIC_CANCER_EARLY_UP","NUP62CL"
"VECCHI_GASTRIC_CANCER_EARLY_UP","NUP93"
"VECCHI_GASTRIC_CANCER_EARLY_UP","NUSAP1"
"VECCHI_GASTRIC_CANCER_EARLY_UP","OVOL1"
"VECCHI_GASTRIC_CANCER_EARLY_UP","PABPC1L"
"VECCHI_GASTRIC_CANCER_EARLY_UP","PARPBP"
"VECCHI_GASTRIC_CANCER_EARLY_UP","PBK"
"VECCHI_GASTRIC_CANCER_EARLY_UP","PCBD1"
"VECCHI_GASTRIC_CANCER_EARLY_UP","PCLAF"
"VECCHI_GASTRIC_CANCER_EARLY_UP","PDCD6"
"VECCHI_GASTRIC_CANCER_EARLY_UP","PDP1"
"VECCHI_GASTRIC_CANCER_EARLY_UP","PDSS1"
"VECCHI_GASTRIC_CANCER_EARLY_UP","PDZK1IP1"
"VECCHI_GASTRIC_CANCER_EARLY_UP","PFDN2"
"VECCHI_GASTRIC_CANCER_EARLY_UP","PFDN4"
"VECCHI_GASTRIC_CANCER_EARLY_UP","PFKP"
"VECCHI_GASTRIC_CANCER_EARLY_UP","PGRMC1"
"VECCHI_GASTRIC_CANCER_EARLY_UP","PHF20"
"VECCHI_GASTRIC_CANCER_EARLY_UP","PI3"
"VECCHI_GASTRIC_CANCER_EARLY_UP","PIEZO1"
"VECCHI_GASTRIC_CANCER_EARLY_UP","PITPNB"
"VECCHI_GASTRIC_CANCER_EARLY_UP","PMEPA1"
"VECCHI_GASTRIC_CANCER_EARLY_UP","POLD3"
"VECCHI_GASTRIC_CANCER_EARLY_UP","POLR2G"
"VECCHI_GASTRIC_CANCER_EARLY_UP","POP1"
"VECCHI_GASTRIC_CANCER_EARLY_UP","POP7"
"VECCHI_GASTRIC_CANCER_EARLY_UP","PRC1"
"VECCHI_GASTRIC_CANCER_EARLY_UP","PRELID1"
"VECCHI_GASTRIC_CANCER_EARLY_UP","PRMT1"
"VECCHI_GASTRIC_CANCER_EARLY_UP","PROX1"
"VECCHI_GASTRIC_CANCER_EARLY_UP","PRPF4"
"VECCHI_GASTRIC_CANCER_EARLY_UP","PRR11"
"VECCHI_GASTRIC_CANCER_EARLY_UP","PSMA7"
"VECCHI_GASTRIC_CANCER_EARLY_UP","PSMB8"
"VECCHI_GASTRIC_CANCER_EARLY_UP","PTMA"
"VECCHI_GASTRIC_CANCER_EARLY_UP","PTMAP4"
"VECCHI_GASTRIC_CANCER_EARLY_UP","PTRH1"
"VECCHI_GASTRIC_CANCER_EARLY_UP","PTTG1"
"VECCHI_GASTRIC_CANCER_EARLY_UP","PUS7"
"VECCHI_GASTRIC_CANCER_EARLY_UP","RACGAP1"
"VECCHI_GASTRIC_CANCER_EARLY_UP","RAD18"
"VECCHI_GASTRIC_CANCER_EARLY_UP","RAD51AP1"
"VECCHI_GASTRIC_CANCER_EARLY_UP","RAD54B"
"VECCHI_GASTRIC_CANCER_EARLY_UP","RANBP1"
"VECCHI_GASTRIC_CANCER_EARLY_UP","RARRES1"
"VECCHI_GASTRIC_CANCER_EARLY_UP","RASGEF1A"
"VECCHI_GASTRIC_CANCER_EARLY_UP","RBM19"
"VECCHI_GASTRIC_CANCER_EARLY_UP","RBM26"
"VECCHI_GASTRIC_CANCER_EARLY_UP","RBM42"
"VECCHI_GASTRIC_CANCER_EARLY_UP","RFC3"
"VECCHI_GASTRIC_CANCER_EARLY_UP","RNF123"
"VECCHI_GASTRIC_CANCER_EARLY_UP","RP9"
"VECCHI_GASTRIC_CANCER_EARLY_UP","RPA3"
"VECCHI_GASTRIC_CANCER_EARLY_UP","RPL8"
"VECCHI_GASTRIC_CANCER_EARLY_UP","RPN1"
"VECCHI_GASTRIC_CANCER_EARLY_UP","RPS21"
"VECCHI_GASTRIC_CANCER_EARLY_UP","RRM2"
"VECCHI_GASTRIC_CANCER_EARLY_UP","RRS1"
"VECCHI_GASTRIC_CANCER_EARLY_UP","RUNX1"
"VECCHI_GASTRIC_CANCER_EARLY_UP","RUVBL2"
"VECCHI_GASTRIC_CANCER_EARLY_UP","S100A10"
"VECCHI_GASTRIC_CANCER_EARLY_UP","S100A11"
"VECCHI_GASTRIC_CANCER_EARLY_UP","S100A6"
"VECCHI_GASTRIC_CANCER_EARLY_UP","SAC3D1"
"VECCHI_GASTRIC_CANCER_EARLY_UP","SAMD5"
"VECCHI_GASTRIC_CANCER_EARLY_UP","SATB2-AS1"
"VECCHI_GASTRIC_CANCER_EARLY_UP","SCRIB"
"VECCHI_GASTRIC_CANCER_EARLY_UP","SCYL1"
"VECCHI_GASTRIC_CANCER_EARLY_UP","SDHAP1"
"VECCHI_GASTRIC_CANCER_EARLY_UP","SEMA4B"
"VECCHI_GASTRIC_CANCER_EARLY_UP","SFR1"
"VECCHI_GASTRIC_CANCER_EARLY_UP","SFXN4"
"VECCHI_GASTRIC_CANCER_EARLY_UP","SGO2"
"VECCHI_GASTRIC_CANCER_EARLY_UP","SHANK3"
"VECCHI_GASTRIC_CANCER_EARLY_UP","SHKBP1"
"VECCHI_GASTRIC_CANCER_EARLY_UP","SHQ1"
"VECCHI_GASTRIC_CANCER_EARLY_UP","SKA3"
"VECCHI_GASTRIC_CANCER_EARLY_UP","SKP2"
"VECCHI_GASTRIC_CANCER_EARLY_UP","SLC28A3"
"VECCHI_GASTRIC_CANCER_EARLY_UP","SLC39A10"
"VECCHI_GASTRIC_CANCER_EARLY_UP","SLC39A4"
"VECCHI_GASTRIC_CANCER_EARLY_UP","SLC4A11"
"VECCHI_GASTRIC_CANCER_EARLY_UP","SLC52A2"
"VECCHI_GASTRIC_CANCER_EARLY_UP","SLC6A8"
"VECCHI_GASTRIC_CANCER_EARLY_UP","SMARCA4"
"VECCHI_GASTRIC_CANCER_EARLY_UP","SMARCE1"
"VECCHI_GASTRIC_CANCER_EARLY_UP","SMC4"
"VECCHI_GASTRIC_CANCER_EARLY_UP","SNHG4"
"VECCHI_GASTRIC_CANCER_EARLY_UP","SNORD104"
"VECCHI_GASTRIC_CANCER_EARLY_UP","SNRPB"
"VECCHI_GASTRIC_CANCER_EARLY_UP","SNRPD1"
"VECCHI_GASTRIC_CANCER_EARLY_UP","SNX5"
"VECCHI_GASTRIC_CANCER_EARLY_UP","SOD2"
"VECCHI_GASTRIC_CANCER_EARLY_UP","SPDL1"
"VECCHI_GASTRIC_CANCER_EARLY_UP","SPIDR"
"VECCHI_GASTRIC_CANCER_EARLY_UP","SPIN4"
"VECCHI_GASTRIC_CANCER_EARLY_UP","SPMIP6"
"VECCHI_GASTRIC_CANCER_EARLY_UP","SPP1"
"VECCHI_GASTRIC_CANCER_EARLY_UP","SPTAN1"
"VECCHI_GASTRIC_CANCER_EARLY_UP","STAMBPL1"
"VECCHI_GASTRIC_CANCER_EARLY_UP","STK3"
"VECCHI_GASTRIC_CANCER_EARLY_UP","STK31"
"VECCHI_GASTRIC_CANCER_EARLY_UP","STRIP2"
"VECCHI_GASTRIC_CANCER_EARLY_UP","TACSTD2"
"VECCHI_GASTRIC_CANCER_EARLY_UP","TBCB"
"VECCHI_GASTRIC_CANCER_EARLY_UP","TFAP2A"
"VECCHI_GASTRIC_CANCER_EARLY_UP","TFAP2C"
"VECCHI_GASTRIC_CANCER_EARLY_UP","THOC3"
"VECCHI_GASTRIC_CANCER_EARLY_UP","TIMM13"
"VECCHI_GASTRIC_CANCER_EARLY_UP","TIMM17A"
"VECCHI_GASTRIC_CANCER_EARLY_UP","TK1"
"VECCHI_GASTRIC_CANCER_EARLY_UP","TM4SF1"
"VECCHI_GASTRIC_CANCER_EARLY_UP","TMC5"
"VECCHI_GASTRIC_CANCER_EARLY_UP","TMED9"
"VECCHI_GASTRIC_CANCER_EARLY_UP","TMEM158"
"VECCHI_GASTRIC_CANCER_EARLY_UP","TMEM45B"
"VECCHI_GASTRIC_CANCER_EARLY_UP","TMEM68"
"VECCHI_GASTRIC_CANCER_EARLY_UP","TMPRSS4"
"VECCHI_GASTRIC_CANCER_EARLY_UP","TNRC18"
"VECCHI_GASTRIC_CANCER_EARLY_UP","TOP2A"
"VECCHI_GASTRIC_CANCER_EARLY_UP","TPX2"
"VECCHI_GASTRIC_CANCER_EARLY_UP","TRIM31"
"VECCHI_GASTRIC_CANCER_EARLY_UP","TRIM47"
"VECCHI_GASTRIC_CANCER_EARLY_UP","TRIP13"
"VECCHI_GASTRIC_CANCER_EARLY_UP","TRMT6"
"VECCHI_GASTRIC_CANCER_EARLY_UP","TRUB2"
"VECCHI_GASTRIC_CANCER_EARLY_UP","TTK"
"VECCHI_GASTRIC_CANCER_EARLY_UP","TUBA4A"
"VECCHI_GASTRIC_CANCER_EARLY_UP","UBE2C"
"VECCHI_GASTRIC_CANCER_EARLY_UP","UBE2T"
"VECCHI_GASTRIC_CANCER_EARLY_UP","UCHL3"
"VECCHI_GASTRIC_CANCER_EARLY_UP","UHRF1"
"VECCHI_GASTRIC_CANCER_EARLY_UP","UPP1"
"VECCHI_GASTRIC_CANCER_EARLY_UP","UTP4"
"VECCHI_GASTRIC_CANCER_EARLY_UP","VARS1"
"VECCHI_GASTRIC_CANCER_EARLY_UP","VPS50"
"VECCHI_GASTRIC_CANCER_EARLY_UP","WDR72"
"VECCHI_GASTRIC_CANCER_EARLY_UP","WDR77"
"VECCHI_GASTRIC_CANCER_EARLY_UP","WDR90"
"VECCHI_GASTRIC_CANCER_EARLY_UP","WRNIP1"
"VECCHI_GASTRIC_CANCER_EARLY_UP","XPO5"
"VECCHI_GASTRIC_CANCER_EARLY_UP","XRCC4"
"VECCHI_GASTRIC_CANCER_EARLY_UP","ZDHHC11"
"VECCHI_GASTRIC_CANCER_EARLY_UP","ZFAS1"
"VECCHI_GASTRIC_CANCER_EARLY_UP","ZFP41"
"VECCHI_GASTRIC_CANCER_EARLY_UP","ZIC2"
"VECCHI_GASTRIC_CANCER_EARLY_UP","ZNF117"
"VECCHI_GASTRIC_CANCER_EARLY_UP","ZNF367"
"VECCHI_GASTRIC_CANCER_EARLY_UP","ZNF511"
"VECCHI_GASTRIC_CANCER_EARLY_UP","ZNF592"
"VECCHI_GASTRIC_CANCER_EARLY_UP","ZNF703"
"VECCHI_GASTRIC_CANCER_EARLY_UP","ZNF792"
"VECCHI_GASTRIC_CANCER_EARLY_UP","ZWINT"
"WP_GASTRIC_CANCER_NETWORK_1","ACTL6A"
"WP_GASTRIC_CANCER_NETWORK_1","APC"
"WP_GASTRIC_CANCER_NETWORK_1","AURKA"
"WP_GASTRIC_CANCER_NETWORK_1","CASTOR3P"
"WP_GASTRIC_CANCER_NETWORK_1","CCNA1"
"WP_GASTRIC_CANCER_NETWORK_1","CENPF"
"WP_GASTRIC_CANCER_NETWORK_1","CEP192"
"WP_GASTRIC_CANCER_NETWORK_1","E2F7"
"WP_GASTRIC_CANCER_NETWORK_1","ECT2"
"WP_GASTRIC_CANCER_NETWORK_1","ESM1"
"WP_GASTRIC_CANCER_NETWORK_1","GATD3"
"WP_GASTRIC_CANCER_NETWORK_1","H3-3A"
"WP_GASTRIC_CANCER_NETWORK_1","H4C16"
"WP_GASTRIC_CANCER_NETWORK_1","INO80D"
"WP_GASTRIC_CANCER_NETWORK_1","KIF15"
"WP_GASTRIC_CANCER_NETWORK_1","KIF20B"
"WP_GASTRIC_CANCER_NETWORK_1","LIN9"
"WP_GASTRIC_CANCER_NETWORK_1","MCM4"
"WP_GASTRIC_CANCER_NETWORK_1","MYBL2"
"WP_GASTRIC_CANCER_NETWORK_1","NOTCH1"
"WP_GASTRIC_CANCER_NETWORK_1","NUP107"
"WP_GASTRIC_CANCER_NETWORK_1","RNF216"
"WP_GASTRIC_CANCER_NETWORK_1","RUVBL1"
"WP_GASTRIC_CANCER_NETWORK_1","S100P"
"WP_GASTRIC_CANCER_NETWORK_1","SMOC2"
"WP_GASTRIC_CANCER_NETWORK_1","TOP2A"
"WP_GASTRIC_CANCER_NETWORK_1","TPX2"
"WP_GASTRIC_CANCER_NETWORK_1","UBE2C"
"WP_GASTRIC_CANCER_NETWORK_2","AHCTF1"
"WP_GASTRIC_CANCER_NETWORK_2","ATAD2"
"WP_GASTRIC_CANCER_NETWORK_2","BRIX1"
"WP_GASTRIC_CANCER_NETWORK_2","CACYBP"
"WP_GASTRIC_CANCER_NETWORK_2","CD48"
"WP_GASTRIC_CANCER_NETWORK_2","CEBPZ"
"WP_GASTRIC_CANCER_NETWORK_2","CHTF18"
"WP_GASTRIC_CANCER_NETWORK_2","CHTF8"
"WP_GASTRIC_CANCER_NETWORK_2","COL9A1"
"WP_GASTRIC_CANCER_NETWORK_2","COL9A3"
"WP_GASTRIC_CANCER_NETWORK_2","CTNNB1"
"WP_GASTRIC_CANCER_NETWORK_2","DSCC1"
"WP_GASTRIC_CANCER_NETWORK_2","EGFR"
"WP_GASTRIC_CANCER_NETWORK_2","FAM91A1"
"WP_GASTRIC_CANCER_NETWORK_2","FANCI"
"WP_GASTRIC_CANCER_NETWORK_2","LBR"
"WP_GASTRIC_CANCER_NETWORK_2","LMNB2"
"WP_GASTRIC_CANCER_NETWORK_2","MIRLET7E"
"WP_GASTRIC_CANCER_NETWORK_2","MTDH"
"WP_GASTRIC_CANCER_NETWORK_2","MYC"
"WP_GASTRIC_CANCER_NETWORK_2","OTUD5"
"WP_GASTRIC_CANCER_NETWORK_2","PLAC8"
"WP_GASTRIC_CANCER_NETWORK_2","RAD17"
"WP_GASTRIC_CANCER_NETWORK_2","RFC3"
"WP_GASTRIC_CANCER_NETWORK_2","RFC4"
"WP_GASTRIC_CANCER_NETWORK_2","RNF144B"
"WP_GASTRIC_CANCER_NETWORK_2","S100A6"
"WP_GASTRIC_CANCER_NETWORK_2","SNURF"
"WP_GASTRIC_CANCER_NETWORK_2","TOP2A"
"WP_GASTRIC_CANCER_NETWORK_2","TP53"
"WP_GASTRIC_CANCER_NETWORK_2","UBE2C"
"WP_GASTRIC_CANCER_NETWORK_2","UBE2T"
"HP_NEOPLASM_OF_THE_STOMACH","AAGAB"
"HP_NEOPLASM_OF_THE_STOMACH","ACD"
"HP_NEOPLASM_OF_THE_STOMACH","AKT1"
"HP_NEOPLASM_OF_THE_STOMACH","APC"
"HP_NEOPLASM_OF_THE_STOMACH","ATM"
"HP_NEOPLASM_OF_THE_STOMACH","AURKA"
"HP_NEOPLASM_OF_THE_STOMACH","AXIN2"
"HP_NEOPLASM_OF_THE_STOMACH","BAP1"
"HP_NEOPLASM_OF_THE_STOMACH","BAX"
"HP_NEOPLASM_OF_THE_STOMACH","BCL10"
"HP_NEOPLASM_OF_THE_STOMACH","BLM"
"HP_NEOPLASM_OF_THE_STOMACH","BMPR1A"
"HP_NEOPLASM_OF_THE_STOMACH","BRAF"
"HP_NEOPLASM_OF_THE_STOMACH","BRCA2"
"HP_NEOPLASM_OF_THE_STOMACH","BUB1"
"HP_NEOPLASM_OF_THE_STOMACH","BUB1B"
"HP_NEOPLASM_OF_THE_STOMACH","BUB3"
"HP_NEOPLASM_OF_THE_STOMACH","CASP10"
"HP_NEOPLASM_OF_THE_STOMACH","CCND1"
"HP_NEOPLASM_OF_THE_STOMACH","CDH1"
"HP_NEOPLASM_OF_THE_STOMACH","CDK4"
"HP_NEOPLASM_OF_THE_STOMACH","CDKN2A"
"HP_NEOPLASM_OF_THE_STOMACH","CDKN2B"
"HP_NEOPLASM_OF_THE_STOMACH","CEP57"
"HP_NEOPLASM_OF_THE_STOMACH","CHEK2"
"HP_NEOPLASM_OF_THE_STOMACH","COL14A1"
"HP_NEOPLASM_OF_THE_STOMACH","CTNNB1"
"HP_NEOPLASM_OF_THE_STOMACH","DCC"
"HP_NEOPLASM_OF_THE_STOMACH","DLC1"
"HP_NEOPLASM_OF_THE_STOMACH","ENG"
"HP_NEOPLASM_OF_THE_STOMACH","EP300"
"HP_NEOPLASM_OF_THE_STOMACH","EPCAM"
"HP_NEOPLASM_OF_THE_STOMACH","ERBB2"
"HP_NEOPLASM_OF_THE_STOMACH","FGFR2"
"HP_NEOPLASM_OF_THE_STOMACH","FGFR3"
"HP_NEOPLASM_OF_THE_STOMACH","FLCN"
"HP_NEOPLASM_OF_THE_STOMACH","IL1B"
"HP_NEOPLASM_OF_THE_STOMACH","IL1RN"
"HP_NEOPLASM_OF_THE_STOMACH","IRF1"
"HP_NEOPLASM_OF_THE_STOMACH","KIT"
"HP_NEOPLASM_OF_THE_STOMACH","KLF6"
"HP_NEOPLASM_OF_THE_STOMACH","KRAS"
"HP_NEOPLASM_OF_THE_STOMACH","MC1R"
"HP_NEOPLASM_OF_THE_STOMACH","MCC"
"HP_NEOPLASM_OF_THE_STOMACH","MDM2"
"HP_NEOPLASM_OF_THE_STOMACH","MGMT"
"HP_NEOPLASM_OF_THE_STOMACH","MITF"
"HP_NEOPLASM_OF_THE_STOMACH","MLH1"
"HP_NEOPLASM_OF_THE_STOMACH","MLH3"
"HP_NEOPLASM_OF_THE_STOMACH","MSH2"
"HP_NEOPLASM_OF_THE_STOMACH","MSH3"
"HP_NEOPLASM_OF_THE_STOMACH","MSH6"
"HP_NEOPLASM_OF_THE_STOMACH","MUTYH"
"HP_NEOPLASM_OF_THE_STOMACH","NRAS"
"HP_NEOPLASM_OF_THE_STOMACH","PDE11A"
"HP_NEOPLASM_OF_THE_STOMACH","PDGFRA"
"HP_NEOPLASM_OF_THE_STOMACH","PDGFRL"
"HP_NEOPLASM_OF_THE_STOMACH","PIK3CA"
"HP_NEOPLASM_OF_THE_STOMACH","PLA2G2A"
"HP_NEOPLASM_OF_THE_STOMACH","PMS1"
"HP_NEOPLASM_OF_THE_STOMACH","PMS2"
"HP_NEOPLASM_OF_THE_STOMACH","POLD1"
"HP_NEOPLASM_OF_THE_STOMACH","POLE"
"HP_NEOPLASM_OF_THE_STOMACH","POT1"
"HP_NEOPLASM_OF_THE_STOMACH","PRKAR1A"
"HP_NEOPLASM_OF_THE_STOMACH","PTCH1"
"HP_NEOPLASM_OF_THE_STOMACH","PTPN12"
"HP_NEOPLASM_OF_THE_STOMACH","PTPRJ"
"HP_NEOPLASM_OF_THE_STOMACH","RAD54B"
"HP_NEOPLASM_OF_THE_STOMACH","RPS20"
"HP_NEOPLASM_OF_THE_STOMACH","SDHA"
"HP_NEOPLASM_OF_THE_STOMACH","SDHB"
"HP_NEOPLASM_OF_THE_STOMACH","SDHC"
"HP_NEOPLASM_OF_THE_STOMACH","SEMA4A"
"HP_NEOPLASM_OF_THE_STOMACH","SMAD4"
"HP_NEOPLASM_OF_THE_STOMACH","SRC"
"HP_NEOPLASM_OF_THE_STOMACH","STK11"
"HP_NEOPLASM_OF_THE_STOMACH","TERF2IP"
"HP_NEOPLASM_OF_THE_STOMACH","TERT"
"HP_NEOPLASM_OF_THE_STOMACH","TGFBR2"
"HP_NEOPLASM_OF_THE_STOMACH","TLR2"
"HP_NEOPLASM_OF_THE_STOMACH","TP53"
"HP_NEOPLASM_OF_THE_STOMACH","TREX1"
"HP_NEOPLASM_OF_THE_STOMACH","TRIP13"
"HP_STOMACH_CANCER","AAGAB"
"HP_STOMACH_CANCER","APC"
"HP_STOMACH_CANCER","ATM"
"HP_STOMACH_CANCER","BLM"
"HP_STOMACH_CANCER","BMPR1A"
"HP_STOMACH_CANCER","BRCA2"
"HP_STOMACH_CANCER","BUB1"
"HP_STOMACH_CANCER","BUB1B"
"HP_STOMACH_CANCER","BUB3"
"HP_STOMACH_CANCER","CASP10"
"HP_STOMACH_CANCER","CDH1"
"HP_STOMACH_CANCER","CDKN2A"
"HP_STOMACH_CANCER","CEP57"
"HP_STOMACH_CANCER","CHEK2"
"HP_STOMACH_CANCER","COL14A1"
"HP_STOMACH_CANCER","ERBB2"
"HP_STOMACH_CANCER","FGFR2"
"HP_STOMACH_CANCER","IL1B"
"HP_STOMACH_CANCER","IL1RN"
"HP_STOMACH_CANCER","IRF1"
"HP_STOMACH_CANCER","KLF6"
"HP_STOMACH_CANCER","KRAS"
"HP_STOMACH_CANCER","MDM2"
"HP_STOMACH_CANCER","MSH3"
"HP_STOMACH_CANCER","MUTYH"
"HP_STOMACH_CANCER","PIK3CA"
"HP_STOMACH_CANCER","POLD1"
"HP_STOMACH_CANCER","POLE"
"HP_STOMACH_CANCER","RPS20"
"HP_STOMACH_CANCER","SEMA4A"
"HP_STOMACH_CANCER","STK11"
"HP_STOMACH_CANCER","TP53"
"HP_STOMACH_CANCER","TRIP13"
